NO_OF_FRAMES,7588
NO_OF_DATA_TYPES,1
FREQUENCY,100
TIME_STAMP,"2023-11-29, 20:20:46"
DATA_INCLUDED,Distance Traveled
DATA_TYPES,right_elbow_Rdist_traveled


0.000,
0.000,
0.000,
0.203,
0.203,
0.203,
1.546,
2.286,
3.229,
3.229,
3.229,
3.229,
3.229,
3.229,
3.229,
3.229,
3.229,
3.229,
3.229,
3.229,
3.229,
3.448,
3.448,
3.448,
3.448,
3.448,
3.448,
3.448,
3.675,
3.675,
3.675,
3.675,
3.675,
3.675,
3.675,
3.675,
3.675,
3.675,
3.675,
3.675,
3.891,
3.891,
3.891,
3.891,
3.891,
4.099,
4.099,
4.099,
4.099,
4.099,
4.099,
4.099,
4.099,
4.099,
4.099,
4.319,
4.319,
4.319,
4.319,
4.319,
4.543,
4.543,
4.543,
4.543,
4.775,
4.775,
4.775,
4.990,
4.990,
4.990,
4.990,
5.268,
5.268,
5.268,
5.525,
5.525,
5.525,
5.790,
5.790,
5.790,
5.790,
6.031,
6.031,
6.031,
6.297,
6.297,
6.514,
6.514,
6.725,
6.725,
6.942,
6.942,
7.257,
7.257,
7.524,
7.524,
7.524,
7.961,
7.961,
7.961,
7.961,
8.237,
8.493,
8.493,
8.493,
8.781,
8.781,
8.781,
9.025,
9.025,
9.271,
9.271,
9.529,
9.529,
9.793,
9.793,
10.005,
10.005,
10.296,
10.296,
10.559,
10.559,
10.559,
10.772,
10.772,
11.049,
11.049,
11.275,
11.275,
11.567,
11.567,
11.864,
11.864,
11.864,
12.088,
12.088,
12.088,
12.088,
12.088,
12.328,
12.328,
12.328,
12.328,
12.328,
12.328,
12.536,
12.536,
12.536,
12.800,
12.800,
13.144,
13.394,
13.663,
13.980,
14.229,
14.430,
14.430,
14.733,
14.733,
15.209,
15.552,
16.176,
16.549,
17.016,
17.619,
18.196,
18.735,
19.310,
19.893,
20.498,
21.137,
21.793,
22.500,
23.411,
24.223,
25.130,
26.117,
27.115,
27.954,
28.847,
29.622,
30.375,
31.457,
32.414,
33.808,
34.936,
36.040,
37.199,
38.311,
39.448,
40.574,
41.600,
42.809,
43.866,
44.960,
45.813,
46.819,
47.606,
48.595,
49.418,
50.358,
51.255,
52.280,
53.150,
54.081,
55.004,
55.932,
56.960,
58.134,
59.401,
61.120,
62.664,
64.542,
66.507,
68.534,
70.708,
72.866,
75.306,
77.862,
80.495,
83.213,
86.049,
88.901,
91.861,
94.927,
97.968,
101.111,
104.252,
107.427,
110.564,
113.595,
116.898,
119.859,
122.743,
125.775,
128.594,
131.210,
133.766,
136.246,
138.656,
140.809,
142.860,
144.995,
146.918,
148.837,
150.628,
152.481,
154.212,
155.924,
157.460,
158.988,
160.544,
161.888,
163.374,
164.610,
165.684,
166.893,
167.753,
168.516,
169.109,
169.493,
169.794,
170.069,
170.388,
170.796,
171.450,
172.323,
173.331,
174.385,
175.713,
177.087,
178.548,
180.257,
181.907,
183.552,
185.383,
187.141,
188.890,
190.608,
192.362,
194.079,
195.901,
197.612,
199.405,
201.051,
202.801,
204.488,
206.111,
207.835,
209.442,
211.153,
212.797,
214.411,
216.050,
217.515,
219.230,
220.704,
222.300,
223.611,
225.055,
226.343,
227.611,
228.905,
230.083,
231.095,
232.329,
233.337,
234.139,
234.932,
235.717,
236.489,
237.172,
237.887,
238.458,
239.066,
239.726,
240.304,
240.841,
241.321,
241.712,
242.067,
242.505,
243.028,
243.580,
244.046,
244.517,
245.067,
245.592,
246.079,
246.571,
247.151,
247.817,
248.314,
248.842,
249.408,
249.899,
250.404,
250.901,
251.400,
251.974,
252.457,
252.901,
253.375,
253.941,
254.450,
255.007,
255.645,
256.172,
256.842,
257.343,
257.813,
258.197,
258.918,
259.516,
260.142,
260.603,
261.088,
261.542,
261.979,
262.444,
263.013,
263.518,
263.862,
264.167,
264.529,
264.909,
265.401,
265.908,
266.273,
266.597,
266.999,
267.396,
267.723,
268.076,
268.502,
268.954,
269.315,
269.556,
269.811,
270.056,
270.268,
270.538,
270.831,
271.195,
271.512,
271.750,
271.750,
271.750,
271.959,
271.959,
271.959,
272.310,
272.310,
272.628,
272.628,
273.070,
273.473,
273.934,
274.404,
274.768,
274.986,
275.210,
275.493,
275.738,
276.147,
276.620,
277.295,
278.014,
278.580,
279.051,
279.552,
280.011,
280.384,
280.658,
281.014,
281.428,
282.153,
283.013,
283.799,
284.463,
285.140,
285.742,
286.351,
287.098,
288.006,
288.689,
289.483,
290.154,
290.819,
291.574,
292.678,
293.768,
294.892,
295.824,
296.725,
297.786,
298.798,
299.945,
300.938,
301.802,
302.558,
303.254,
304.201,
305.209,
306.296,
307.173,
308.077,
308.672,
309.221,
309.744,
310.377,
311.017,
311.650,
312.423,
313.305,
314.168,
314.953,
315.781,
316.840,
318.017,
319.089,
320.003,
320.746,
321.428,
322.057,
322.784,
323.580,
324.522,
325.661,
326.868,
327.571,
328.173,
328.767,
329.581,
330.700,
331.958,
333.466,
335.185,
337.023,
339.026,
341.094,
343.235,
345.584,
348.085,
350.913,
353.798,
356.885,
360.061,
363.316,
366.764,
370.237,
373.767,
377.308,
380.918,
384.485,
388.117,
391.858,
395.471,
399.184,
403.172,
406.845,
410.392,
413.835,
417.373,
420.587,
423.601,
426.477,
429.213,
431.795,
434.166,
436.325,
438.136,
439.962,
441.518,
442.883,
443.866,
444.750,
445.592,
446.210,
446.839,
447.133,
447.133,
447.406,
447.406,
447.406,
447.406,
447.406,
447.751,
448.070,
448.579,
449.334,
450.034,
450.973,
452.164,
453.544,
454.881,
456.784,
458.291,
460.087,
461.707,
463.428,
465.182,
466.890,
468.600,
470.308,
472.092,
473.921,
475.681,
477.411,
479.086,
480.723,
482.377,
483.978,
485.551,
486.941,
488.441,
489.863,
491.220,
492.595,
494.003,
495.415,
496.718,
498.122,
499.329,
500.667,
501.930,
503.442,
504.862,
506.099,
507.369,
508.614,
509.737,
510.926,
512.146,
513.176,
514.314,
515.390,
516.466,
517.535,
518.438,
519.306,
520.266,
521.032,
521.718,
522.401,
523.083,
523.735,
524.347,
524.905,
525.508,
526.074,
526.661,
527.221,
527.690,
528.113,
528.596,
529.194,
529.750,
530.201,
530.607,
531.030,
531.483,
531.856,
532.301,
532.701,
533.207,
533.637,
534.026,
534.402,
534.728,
535.002,
535.259,
535.600,
536.061,
536.540,
536.869,
537.232,
537.585,
537.985,
538.457,
538.897,
539.400,
539.867,
540.273,
540.625,
541.014,
541.500,
542.057,
542.575,
542.943,
543.209,
543.622,
544.043,
544.536,
544.885,
545.310,
545.720,
546.220,
546.752,
547.257,
547.715,
548.112,
548.470,
548.804,
549.099,
549.477,
549.895,
550.442,
551.000,
551.444,
551.734,
551.734,
552.117,
552.374,
552.745,
553.170,
553.604,
554.023,
554.368,
554.605,
554.605,
554.981,
555.196,
555.632,
556.181,
556.716,
557.198,
557.843,
557.843,
557.843,
557.843,
558.079,
558.532,
559.063,
559.485,
559.770,
559.770,
560.064,
560.294,
560.640,
561.143,
561.708,
562.210,
562.617,
562.884,
563.122,
563.122,
563.545,
563.869,
564.310,
564.879,
565.432,
565.870,
566.295,
566.688,
567.063,
567.431,
567.785,
568.313,
568.973,
569.582,
570.250,
570.963,
571.519,
572.198,
572.599,
573.068,
573.793,
574.724,
575.550,
576.553,
577.297,
577.861,
578.507,
579.158,
579.707,
580.368,
581.035,
581.522,
581.847,
582.129,
582.384,
582.625,
582.625,
582.927,
582.927,
583.334,
583.854,
584.354,
584.910,
585.491,
585.999,
586.342,
586.939,
587.674,
588.470,
589.490,
590.626,
592.006,
593.324,
594.789,
595.993,
597.366,
598.655,
599.955,
601.032,
602.049,
603.042,
603.990,
604.862,
605.891,
606.663,
607.245,
607.672,
608.064,
608.433,
608.868,
609.395,
610.011,
610.722,
611.653,
612.606,
613.684,
614.903,
616.414,
618.061,
619.822,
621.877,
624.181,
626.549,
629.215,
631.953,
634.941,
638.209,
641.535,
645.043,
648.823,
652.758,
656.826,
660.889,
665.124,
669.190,
673.556,
677.561,
681.580,
685.769,
689.629,
693.585,
697.020,
700.134,
703.248,
706.219,
708.888,
711.301,
713.332,
715.033,
716.279,
717.275,
717.930,
718.332,
718.332,
718.560,
718.931,
719.382,
719.789,
720.243,
720.450,
720.653,
720.653,
720.884,
720.884,
720.884,
721.180,
721.393,
721.669,
722.030,
722.560,
723.196,
723.990,
725.049,
726.360,
727.351,
728.689,
730.074,
731.428,
732.843,
734.283,
735.738,
737.049,
738.562,
739.925,
741.394,
742.612,
744.003,
745.190,
746.514,
747.570,
748.774,
749.925,
750.950,
751.975,
753.097,
754.326,
755.376,
756.461,
757.508,
758.549,
759.947,
760.895,
761.991,
763.303,
764.313,
765.346,
766.259,
767.202,
768.210,
768.962,
769.757,
770.677,
771.488,
772.145,
772.795,
773.525,
774.126,
774.747,
775.365,
776.049,
776.619,
777.186,
777.728,
778.283,
778.713,
779.199,
779.927,
780.502,
780.996,
781.474,
781.894,
782.275,
782.627,
782.976,
783.341,
783.729,
784.112,
784.572,
785.030,
785.516,
785.998,
786.386,
786.763,
787.196,
787.654,
788.055,
788.521,
788.920,
789.312,
789.711,
790.184,
790.577,
790.871,
791.120,
791.503,
791.930,
792.399,
792.903,
793.399,
793.875,
794.383,
794.912,
795.369,
795.797,
796.263,
796.848,
797.384,
797.834,
798.201,
798.528,
798.961,
799.443,
800.086,
800.678,
801.280,
801.669,
801.980,
802.264,
802.552,
802.953,
803.378,
803.974,
804.505,
804.900,
805.218,
805.446,
805.679,
805.983,
806.354,
806.713,
807.073,
807.285,
807.285,
807.607,
807.886,
808.602,
809.150,
809.394,
809.687,
809.915,
810.137,
810.470,
810.938,
811.378,
811.850,
811.850,
811.850,
812.149,
812.563,
813.119,
813.725,
814.403,
815.139,
815.582,
815.862,
815.862,
815.862,
816.330,
816.807,
817.393,
818.217,
818.851,
819.356,
819.775,
820.181,
820.759,
821.473,
822.243,
823.011,
823.864,
824.698,
825.667,
826.800,
827.668,
828.410,
829.373,
830.707,
831.515,
832.563,
833.846,
835.037,
836.396,
837.556,
838.620,
839.373,
840.357,
841.246,
842.224,
843.170,
843.921,
844.657,
845.241,
845.575,
845.976,
846.370,
846.635,
846.635,
846.635,
846.971,
847.277,
847.520,
847.892,
848.500,
849.320,
850.227,
851.487,
852.459,
853.682,
854.643,
855.817,
857.016,
858.592,
859.951,
861.278,
862.584,
864.118,
865.676,
867.464,
869.060,
870.573,
871.938,
873.247,
874.489,
875.654,
876.792,
877.835,
878.754,
879.674,
880.548,
881.206,
881.623,
882.036,
882.566,
883.113,
883.700,
884.466,
885.518,
886.734,
888.265,
889.957,
891.824,
893.776,
895.964,
898.392,
901.102,
904.059,
907.245,
910.588,
914.148,
917.871,
921.625,
925.480,
929.401,
933.540,
937.670,
941.770,
946.119,
950.273,
954.457,
958.547,
962.307,
966.121,
969.444,
972.698,
975.538,
978.184,
980.427,
982.505,
984.412,
986.029,
987.342,
988.439,
989.348,
990.053,
990.703,
991.239,
991.773,
992.307,
992.917,
993.796,
994.362,
994.938,
995.628,
996.477,
997.274,
998.194,
999.108,
999.873,
1000.446,
1000.793,
1001.102,
1001.638,
1002.610,
1003.818,
1005.530,
1007.242,
1009.448,
1011.834,
1014.275,
1017.171,
1019.788,
1022.564,
1025.554,
1028.402,
1031.276,
1033.956,
1036.616,
1039.165,
1041.665,
1044.110,
1046.421,
1048.765,
1050.835,
1052.696,
1054.721,
1056.474,
1058.209,
1060.028,
1061.620,
1063.321,
1064.579,
1065.935,
1067.265,
1068.448,
1069.612,
1070.816,
1071.961,
1072.972,
1074.002,
1074.968,
1075.662,
1076.387,
1077.348,
1078.194,
1078.997,
1079.837,
1080.534,
1081.246,
1081.878,
1082.369,
1082.867,
1083.446,
1084.012,
1084.666,
1085.192,
1085.670,
1086.169,
1086.594,
1087.053,
1087.501,
1087.988,
1088.375,
1088.786,
1089.311,
1089.851,
1090.570,
1091.026,
1091.523,
1091.980,
1092.342,
1092.844,
1093.370,
1093.763,
1094.115,
1094.436,
1094.814,
1095.320,
1095.797,
1096.188,
1096.647,
1097.000,
1097.685,
1098.142,
1098.442,
1098.832,
1099.184,
1099.600,
1100.053,
1100.418,
1100.754,
1101.454,
1101.975,
1102.465,
1102.937,
1103.383,
1103.787,
1104.121,
1104.515,
1104.907,
1105.176,
1105.405,
1105.663,
1105.945,
1106.278,
1106.514,
1106.797,
1107.099,
1107.320,
1107.523,
1107.523,
1107.858,
1108.080,
1108.399,
1108.844,
1109.353,
1109.705,
1109.918,
1110.172,
1110.379,
1110.735,
1111.200,
1111.964,
1112.428,
1112.805,
1113.089,
1113.408,
1113.811,
1114.211,
1114.513,
1114.741,
1115.009,
1115.351,
1115.836,
1116.498,
1117.298,
1117.974,
1118.508,
1118.881,
1119.155,
1119.793,
1120.090,
1120.323,
1120.667,
1121.239,
1121.903,
1122.749,
1123.548,
1124.120,
1124.636,
1125.142,
1125.861,
1126.672,
1127.761,
1128.804,
1129.716,
1130.782,
1131.623,
1132.826,
1133.950,
1135.539,
1137.018,
1138.642,
1140.081,
1140.966,
1141.715,
1142.547,
1143.406,
1144.592,
1145.611,
1146.633,
1147.457,
1148.020,
1148.533,
1149.113,
1149.672,
1150.205,
1150.525,
1150.525,
1150.796,
1150.796,
1150.796,
1151.109,
1151.374,
1151.748,
1152.256,
1152.877,
1153.447,
1153.890,
1154.576,
1155.504,
1156.384,
1157.288,
1158.227,
1159.160,
1160.136,
1161.237,
1162.637,
1163.974,
1165.369,
1166.644,
1167.836,
1169.056,
1170.107,
1171.604,
1173.005,
1174.417,
1175.733,
1177.005,
1178.144,
1179.143,
1180.002,
1180.983,
1182.138,
1182.930,
1183.728,
1184.442,
1185.100,
1185.796,
1186.693,
1187.681,
1188.890,
1190.326,
1191.833,
1193.855,
1195.995,
1198.451,
1201.206,
1203.995,
1207.005,
1210.365,
1214.012,
1218.115,
1222.298,
1226.820,
1231.431,
1236.098,
1240.867,
1245.526,
1250.209,
1254.954,
1259.468,
1263.759,
1268.049,
1271.904,
1275.436,
1278.682,
1281.684,
1284.334,
1286.514,
1288.431,
1289.891,
1291.039,
1292.047,
1292.712,
1293.132,
1293.539,
1294.106,
1294.596,
1295.386,
1295.872,
1296.646,
1297.523,
1298.396,
1299.476,
1300.307,
1301.068,
1301.878,
1302.474,
1302.795,
1302.795,
1302.795,
1303.079,
1303.512,
1304.184,
1305.137,
1306.243,
1307.388,
1308.866,
1310.189,
1311.503,
1312.919,
1314.192,
1315.512,
1316.838,
1318.194,
1319.439,
1320.683,
1321.907,
1323.129,
1324.330,
1325.553,
1326.724,
1327.844,
1328.788,
1329.725,
1330.754,
1331.670,
1332.547,
1333.388,
1334.173,
1334.923,
1335.829,
1336.648,
1337.407,
1338.019,
1338.616,
1339.241,
1339.865,
1340.362,
1340.829,
1341.324,
1342.041,
1342.523,
1343.106,
1343.406,
1343.721,
1344.020,
1344.359,
1344.689,
1345.029,
1345.405,
1345.716,
1345.959,
1346.205,
1346.467,
1346.724,
1346.963,
1347.178,
1347.385,
1347.622,
1347.927,
1348.297,
1348.716,
1349.051,
1349.362,
1349.574,
1349.574,
1349.954,
1350.245,
1350.551,
1350.796,
1351.044,
1351.327,
1351.618,
1351.935,
1352.294,
1352.698,
1353.087,
1353.418,
1353.902,
1354.313,
1354.741,
1355.142,
1355.567,
1355.981,
1356.467,
1356.900,
1357.218,
1357.487,
1357.854,
1358.324,
1358.767,
1359.236,
1359.735,
1360.289,
1360.739,
1361.372,
1361.805,
1362.275,
1362.681,
1363.208,
1363.754,
1364.270,
1364.651,
1364.965,
1365.287,
1365.745,
1366.212,
1366.672,
1367.104,
1367.534,
1367.916,
1368.247,
1368.612,
1369.035,
1369.689,
1370.158,
1370.606,
1370.959,
1371.405,
1371.772,
1372.118,
1372.483,
1372.904,
1373.260,
1373.544,
1373.909,
1374.236,
1374.610,
1375.422,
1375.723,
1376.099,
1376.331,
1376.563,
1376.832,
1377.187,
1377.684,
1378.079,
1378.424,
1378.424,
1378.651,
1378.651,
1378.651,
1378.882,
1379.133,
1379.439,
1379.864,
1380.270,
1380.609,
1380.609,
1380.609,
1380.830,
1380.830,
1381.255,
1381.813,
1382.491,
1383.246,
1383.893,
1384.439,
1384.865,
1385.429,
1386.211,
1387.067,
1388.048,
1389.196,
1390.131,
1391.194,
1392.056,
1393.220,
1394.332,
1395.722,
1396.914,
1398.218,
1399.325,
1400.768,
1401.939,
1403.312,
1404.418,
1405.665,
1406.449,
1407.140,
1407.890,
1408.657,
1409.332,
1410.003,
1410.511,
1410.749,
1410.749,
1411.020,
1411.276,
1411.655,
1411.976,
1411.976,
1412.307,
1412.814,
1413.483,
1414.109,
1414.671,
1415.269,
1415.725,
1416.224,
1416.930,
1418.024,
1419.124,
1420.083,
1421.019,
1421.740,
1422.399,
1423.081,
1423.744,
1424.350,
1424.973,
1425.566,
1426.163,
1426.822,
1427.252,
1427.561,
1427.774,
1427.774,
1428.138,
1428.612,
1428.884,
1429.542,
1430.214,
1431.184,
1432.159,
1433.444,
1434.712,
1436.123,
1437.528,
1439.038,
1440.718,
1442.573,
1444.735,
1446.895,
1449.303,
1451.719,
1454.360,
1457.163,
1460.131,
1463.138,
1466.350,
1469.615,
1473.022,
1476.384,
1479.768,
1483.178,
1486.759,
1490.444,
1493.879,
1497.164,
1500.546,
1503.593,
1506.370,
1508.897,
1511.408,
1513.438,
1515.469,
1517.090,
1518.629,
1519.678,
1520.603,
1521.266,
1521.729,
1522.084,
1522.802,
1523.247,
1523.668,
1524.178,
1524.659,
1525.134,
1525.573,
1526.001,
1526.357,
1526.635,
1527.043,
1527.640,
1528.388,
1529.615,
1530.761,
1532.460,
1534.108,
1536.109,
1538.433,
1540.442,
1542.777,
1545.069,
1547.286,
1549.454,
1551.836,
1553.979,
1556.142,
1558.279,
1560.060,
1561.995,
1563.729,
1565.340,
1567.065,
1568.604,
1570.031,
1571.513,
1572.683,
1573.918,
1574.962,
1576.000,
1577.284,
1578.281,
1579.126,
1580.024,
1580.804,
1581.464,
1582.184,
1583.082,
1583.866,
1584.464,
1585.075,
1585.726,
1586.369,
1587.024,
1587.779,
1588.563,
1589.282,
1589.867,
1590.372,
1591.056,
1591.745,
1592.323,
1592.892,
1593.373,
1593.865,
1594.407,
1594.975,
1595.545,
1596.153,
1596.717,
1597.187,
1597.594,
1598.024,
1598.450,
1598.910,
1599.415,
1599.884,
1600.322,
1600.867,
1601.297,
1601.673,
1602.016,
1602.249,
1602.518,
1602.771,
1603.112,
1603.514,
1603.889,
1604.289,
1604.635,
1605.027,
1605.460,
1605.756,
1606.176,
1606.587,
1606.992,
1607.341,
1607.675,
1608.059,
1608.401,
1608.768,
1609.245,
1609.669,
1609.992,
1610.360,
1610.786,
1611.226,
1611.653,
1612.062,
1612.495,
1612.916,
1613.256,
1613.542,
1613.879,
1614.171,
1614.444,
1614.782,
1615.155,
1615.456,
1615.764,
1616.231,
1616.728,
1617.173,
1617.580,
1617.891,
1618.150,
1618.150,
1618.490,
1618.490,
1619.211,
1619.537,
1619.880,
1620.106,
1620.106,
1620.367,
1620.367,
1620.617,
1620.932,
1621.299,
1621.614,
1621.614,
1621.884,
1621.884,
1622.202,
1622.688,
1623.208,
1623.724,
1624.075,
1624.353,
1624.556,
1624.837,
1625.282,
1625.952,
1626.726,
1627.332,
1627.730,
1628.121,
1628.524,
1629.062,
1629.640,
1630.345,
1631.057,
1631.601,
1632.105,
1632.727,
1633.483,
1634.432,
1635.215,
1636.079,
1636.925,
1637.721,
1638.766,
1639.622,
1641.117,
1642.335,
1643.488,
1644.432,
1645.341,
1646.452,
1647.687,
1649.142,
1650.679,
1652.195,
1653.628,
1654.927,
1656.172,
1657.709,
1659.137,
1660.879,
1662.378,
1663.798,
1665.475,
1666.876,
1668.351,
1670.012,
1671.443,
1672.847,
1674.197,
1675.338,
1676.699,
1677.819,
1679.037,
1680.100,
1681.324,
1682.174,
1682.955,
1683.669,
1684.417,
1685.339,
1686.364,
1687.068,
1687.574,
1687.805,
1687.805,
1687.805,
1688.029,
1688.029,
1688.029,
1688.338,
1688.572,
1688.942,
1689.244,
1689.571,
1690.100,
1690.935,
1691.812,
1692.997,
1694.078,
1695.015,
1695.875,
1696.538,
1697.413,
1698.399,
1699.470,
1700.847,
1701.935,
1703.204,
1704.057,
1705.033,
1705.800,
1706.625,
1707.460,
1708.331,
1709.132,
1709.981,
1710.707,
1711.654,
1712.235,
1712.590,
1713.090,
1713.293,
1713.620,
1714.158,
1714.848,
1715.735,
1716.855,
1718.121,
1719.650,
1721.254,
1723.155,
1725.264,
1727.389,
1729.744,
1732.469,
1735.256,
1738.156,
1741.221,
1744.577,
1748.194,
1751.874,
1755.890,
1759.969,
1764.121,
1768.314,
1772.535,
1776.855,
1780.951,
1785.061,
1788.980,
1792.889,
1796.792,
1800.289,
1803.653,
1806.531,
1809.251,
1811.842,
1814.113,
1816.000,
1817.836,
1819.151,
1820.493,
1821.561,
1822.535,
1823.530,
1824.453,
1825.225,
1825.944,
1826.828,
1827.838,
1829.007,
1830.645,
1832.204,
1833.831,
1835.707,
1837.235,
1838.954,
1840.261,
1841.617,
1842.742,
1843.163,
1843.410,
1844.487,
1845.349,
1846.753,
1848.275,
1850.394,
1852.416,
1854.634,
1857.291,
1859.855,
1862.378,
1864.976,
1867.410,
1869.949,
1872.123,
1874.396,
1876.619,
1878.755,
1880.663,
1882.383,
1884.053,
1885.417,
1886.687,
1887.920,
1889.037,
1889.956,
1890.843,
1891.742,
1892.403,
1893.080,
1893.755,
1894.857,
1895.455,
1895.972,
1896.419,
1896.854,
1897.339,
1897.830,
1898.338,
1898.843,
1899.237,
1899.538,
1899.800,
1900.200,
1900.664,
1901.141,
1901.578,
1902.028,
1902.421,
1902.780,
1903.176,
1903.606,
1904.000,
1904.429,
1904.943,
1905.401,
1905.865,
1906.327,
1906.796,
1907.316,
1907.824,
1908.354,
1908.892,
1909.333,
1909.740,
1910.294,
1910.908,
1911.504,
1912.098,
1912.696,
1913.183,
1913.589,
1913.923,
1914.227,
1914.583,
1914.884,
1915.421,
1915.972,
1916.502,
1916.958,
1917.316,
1917.625,
1917.955,
1918.322,
1918.684,
1919.088,
1919.484,
1919.846,
1920.194,
1920.522,
1920.791,
1921.026,
1921.352,
1921.843,
1922.386,
1922.830,
1923.150,
1923.405,
1923.693,
1924.059,
1924.436,
1924.790,
1925.166,
1925.580,
1925.943,
1926.309,
1926.626,
1926.923,
1927.328,
1927.853,
1928.441,
1928.868,
1929.172,
1929.487,
1929.845,
1930.201,
1930.687,
1931.224,
1931.780,
1932.366,
1932.863,
1933.299,
1933.745,
1934.170,
1934.695,
1935.281,
1935.823,
1936.339,
1936.757,
1937.168,
1937.771,
1938.463,
1939.130,
1939.652,
1940.240,
1940.942,
1941.562,
1942.155,
1942.867,
1943.543,
1944.042,
1944.510,
1945.006,
1945.602,
1946.263,
1946.925,
1947.834,
1948.860,
1950.203,
1951.286,
1952.088,
1952.957,
1953.978,
1955.158,
1956.580,
1957.722,
1959.053,
1960.403,
1961.881,
1963.576,
1965.331,
1967.061,
1968.999,
1970.834,
1972.510,
1974.008,
1975.730,
1977.546,
1979.231,
1980.923,
1982.563,
1983.992,
1985.298,
1986.468,
1987.708,
1988.639,
1989.663,
1990.585,
1991.508,
1992.381,
1993.023,
1993.535,
1994.109,
1994.720,
1995.222,
1995.636,
1995.926,
1996.168,
1996.391,
1996.609,
1996.966,
1997.443,
1997.964,
1998.519,
1999.127,
1999.783,
2000.468,
2001.282,
2002.174,
2003.020,
2003.875,
2004.868,
2006.002,
2007.111,
2008.287,
2009.285,
2010.149,
2010.884,
2011.540,
2012.251,
2012.933,
2013.583,
2014.189,
2014.747,
2015.154,
2015.670,
2015.670,
2016.127,
2016.469,
2017.033,
2017.722,
2018.517,
2019.701,
2020.807,
2022.226,
2023.916,
2025.612,
2027.532,
2029.533,
2031.695,
2033.990,
2036.389,
2038.900,
2041.506,
2044.358,
2047.412,
2050.601,
2053.817,
2057.095,
2060.627,
2064.042,
2067.559,
2071.045,
2074.311,
2077.760,
2081.218,
2084.601,
2088.059,
2091.250,
2094.512,
2097.843,
2100.711,
2103.464,
2106.085,
2108.523,
2110.806,
2112.709,
2114.471,
2116.026,
2117.362,
2118.728,
2119.519,
2120.418,
2121.284,
2122.064,
2122.967,
2123.898,
2124.796,
2125.645,
2126.602,
2127.784,
2128.627,
2129.352,
2129.926,
2130.214,
2130.533,
2130.533,
2131.090,
2131.678,
2132.453,
2133.432,
2134.638,
2135.715,
2137.600,
2139.137,
2140.869,
2142.702,
2144.366,
2145.911,
2147.491,
2148.790,
2150.313,
2151.524,
2152.918,
2154.118,
2155.302,
2156.230,
2157.321,
2158.448,
2159.234,
2160.135,
2161.075,
2161.858,
2162.542,
2163.238,
2163.754,
2164.686,
2165.032,
2165.335,
2165.554,
2165.778,
2165.985,
2166.279,
2166.527,
2166.801,
2167.044,
2167.265,
2167.265,
2167.604,
2167.805,
2168.051,
2168.051,
2168.417,
2168.671,
2168.967,
2169.255,
2169.532,
2169.772,
2169.772,
2170.163,
2170.163,
2170.594,
2170.848,
2171.082,
2171.336,
2171.596,
2171.870,
2172.192,
2172.548,
2172.833,
2173.084,
2173.339,
2173.596,
2174.322,
2174.686,
2175.063,
2175.409,
2175.801,
2176.224,
2176.748,
2177.093,
2177.350,
2177.599,
2177.952,
2178.417,
2178.911,
2179.318,
2179.715,
2180.090,
2180.476,
2180.860,
2181.282,
2181.622,
2181.938,
2182.308,
2182.818,
2183.653,
2183.994,
2184.254,
2184.507,
2184.507,
2184.944,
2185.520,
2186.082,
2186.550,
2186.929,
2187.237,
2187.534,
2187.964,
2188.613,
2189.511,
2190.418,
2191.228,
2191.836,
2192.407,
2193.073,
2193.796,
2194.613,
2195.537,
2196.422,
2197.174,
2198.048,
2199.194,
2200.356,
2201.655,
2202.731,
2203.903,
2205.063,
2206.561,
2207.944,
2209.396,
2210.853,
2212.318,
2213.904,
2215.397,
2217.090,
2218.800,
2220.424,
2222.094,
2223.776,
2225.654,
2227.252,
2228.911,
2230.487,
2232.110,
2233.824,
2235.261,
2236.897,
2238.426,
2239.964,
2241.693,
2243.488,
2244.921,
2246.415,
2247.836,
2249.177,
2250.768,
2252.402,
2254.011,
2255.705,
2257.150,
2258.515,
2259.753,
2261.105,
2262.370,
2263.752,
2265.222,
2266.378,
2267.402,
2268.202,
2268.879,
2269.474,
2270.195,
2270.888,
2271.596,
2272.298,
2272.799,
2272.799,
2273.048,
2273.048,
2273.385,
2273.385,
2273.763,
2274.031,
2274.310,
2274.766,
2275.542,
2276.251,
2277.118,
2277.857,
2278.409,
2278.983,
2279.730,
2280.655,
2281.623,
2282.662,
2283.635,
2285.013,
2286.514,
2288.024,
2289.394,
2290.454,
2291.243,
2292.082,
2292.807,
2293.880,
2295.126,
2296.459,
2297.739,
2299.173,
2300.281,
2301.416,
2302.245,
2303.237,
2304.127,
2305.168,
2306.204,
2307.513,
2308.588,
2309.846,
2311.226,
2312.873,
2314.580,
2316.399,
2318.409,
2320.484,
2322.659,
2324.992,
2327.340,
2329.718,
2332.523,
2335.308,
2338.263,
2341.434,
2344.693,
2348.020,
2351.503,
2355.044,
2358.536,
2362.144,
2365.665,
2369.302,
2373.136,
2376.888,
2380.613,
2384.415,
2388.178,
2391.784,
2395.239,
2398.808,
2402.233,
2405.511,
2408.564,
2411.341,
2413.886,
2416.390,
2418.579,
2420.714,
2422.475,
2424.195,
2425.660,
2427.059,
2428.036,
2428.934,
2429.668,
2430.312,
2430.883,
2431.435,
2432.027,
2432.644,
2433.527,
2434.463,
2435.372,
2436.337,
2437.392,
2438.435,
2439.377,
2440.352,
2441.179,
2441.746,
2442.106,
2442.372,
2442.372,
2442.593,
2442.966,
2443.664,
2444.642,
2445.887,
2447.292,
2448.769,
2450.382,
2452.021,
2453.745,
2455.527,
2457.195,
2458.637,
2460.074,
2461.319,
2462.833,
2463.959,
2465.079,
2466.187,
2467.146,
2468.095,
2469.037,
2469.857,
2470.557,
2471.215,
2471.795,
2472.416,
2473.074,
2473.834,
2474.520,
2475.131,
2475.659,
2476.270,
2476.954,
2477.611,
2478.171,
2478.748,
2479.426,
2480.112,
2480.772,
2481.374,
2482.124,
2482.822,
2483.708,
2484.435,
2485.170,
2486.059,
2486.893,
2487.604,
2488.315,
2489.051,
2489.825,
2490.558,
2491.302,
2492.029,
2492.822,
2493.573,
2494.203,
2494.816,
2495.469,
2496.139,
2496.840,
2497.515,
2498.226,
2498.857,
2499.581,
2500.136,
2500.698,
2501.274,
2501.894,
2502.487,
2503.064,
2503.685,
2504.271,
2504.906,
2505.507,
2506.185,
2506.747,
2507.377,
2507.987,
2508.625,
2509.371,
2510.236,
2510.807,
2511.380,
2512.012,
2512.589,
2513.076,
2513.610,
2514.219,
2514.849,
2515.482,
2516.095,
2516.687,
2517.226,
2517.809,
2518.376,
2519.079,
2519.824,
2520.344,
2520.871,
2521.391,
2521.973,
2522.595,
2523.216,
2523.902,
2524.573,
2525.238,
2525.926,
2526.496,
2527.147,
2527.826,
2528.462,
2529.072,
2529.720,
2530.315,
2530.828,
2531.406,
2532.144,
2532.915,
2533.563,
2534.274,
2534.950,
2535.676,
2536.450,
2537.223,
2538.092,
2538.977,
2539.687,
2540.261,
2541.014,
2541.914,
2542.754,
2543.810,
2544.783,
2545.533,
2546.299,
2547.061,
2547.798,
2548.619,
2549.482,
2550.283,
2551.263,
2552.721,
2553.696,
2554.782,
2555.600,
2556.377,
2557.154,
2557.922,
2558.589,
2559.323,
2560.057,
2560.661,
2561.424,
2562.331,
2563.113,
2564.017,
2564.826,
2565.621,
2566.589,
2567.434,
2568.295,
2569.233,
2569.949,
2570.779,
2571.708,
2572.609,
2573.752,
2574.849,
2576.214,
2577.557,
2579.092,
2580.366,
2581.895,
2583.110,
2584.316,
2585.557,
2586.809,
2587.906,
2589.077,
2590.128,
2591.230,
2592.127,
2593.035,
2594.013,
2594.765,
2595.386,
2596.036,
2596.742,
2597.466,
2598.326,
2599.058,
2599.519,
2599.948,
2600.506,
2601.232,
2601.877,
2602.407,
2603.052,
2603.934,
2604.789,
2605.570,
2606.418,
2607.231,
2608.168,
2609.366,
2610.544,
2611.698,
2612.547,
2613.340,
2614.041,
2614.671,
2615.450,
2616.254,
2617.003,
2617.957,
2618.867,
2619.959,
2621.535,
2622.632,
2624.063,
2625.297,
2626.857,
2628.286,
2629.944,
2631.635,
2633.396,
2635.173,
2637.161,
2639.167,
2641.325,
2643.681,
2646.043,
2648.599,
2651.193,
2653.868,
2656.719,
2659.663,
2662.675,
2665.753,
2668.993,
2672.226,
2675.456,
2678.753,
2681.914,
2685.327,
2688.514,
2691.692,
2694.622,
2697.438,
2700.285,
2702.818,
2704.999,
2707.070,
2709.023,
2710.574,
2712.132,
2713.176,
2713.981,
2714.591,
2714.881,
2715.121,
2715.121,
2715.452,
2715.897,
2716.328,
2716.804,
2717.097,
2717.097,
2717.369,
2717.640,
2717.930,
2718.259,
2718.648,
2719.090,
2719.691,
2720.317,
2721.203,
2722.186,
2723.312,
2724.757,
2726.360,
2727.743,
2729.354,
2730.795,
2732.396,
2733.925,
2735.405,
2736.777,
2738.017,
2739.297,
2740.426,
2741.340,
2742.376,
2743.391,
2744.334,
2745.307,
2746.175,
2747.123,
2748.049,
2748.807,
2749.557,
2750.140,
2750.763,
2751.263,
2751.738,
2752.225,
2752.705,
2753.242,
2753.830,
2754.415,
2755.348,
2755.917,
2756.701,
2757.314,
2757.939,
2758.613,
2759.197,
2759.769,
2760.512,
2761.142,
2761.629,
2762.096,
2762.676,
2763.371,
2764.094,
2764.770,
2765.436,
2766.011,
2766.665,
2767.360,
2768.086,
2768.689,
2769.263,
2769.978,
2770.673,
2771.317,
2771.993,
2772.603,
2773.222,
2773.941,
2774.618,
2775.257,
2775.943,
2776.627,
2777.247,
2777.849,
2778.433,
2779.019,
2779.569,
2780.183,
2780.852,
2781.428,
2781.983,
2782.517,
2783.102,
2783.590,
2784.114,
2784.656,
2785.101,
2785.576,
2786.025,
2786.511,
2787.015,
2787.378,
2787.787,
2788.097,
2788.422,
2788.750,
2789.115,
2789.543,
2789.981,
2790.453,
2790.869,
2791.188,
2791.506,
2791.835,
2792.236,
2792.735,
2793.227,
2793.674,
2794.053,
2794.459,
2794.831,
2795.242,
2795.766,
2796.332,
2796.896,
2797.316,
2797.719,
2798.131,
2798.553,
2798.989,
2799.493,
2799.987,
2800.439,
2800.822,
2801.243,
2801.652,
2802.077,
2802.496,
2802.931,
2803.351,
2803.795,
2804.259,
2804.784,
2805.339,
2805.988,
2806.439,
2806.783,
2807.194,
2807.580,
2808.027,
2808.639,
2809.161,
2809.805,
2810.233,
2810.697,
2811.299,
2811.733,
2812.241,
2812.826,
2813.707,
2814.396,
2814.942,
2815.510,
2816.149,
2817.269,
2817.893,
2818.467,
2819.185,
2819.654,
2820.105,
2820.602,
2821.242,
2822.084,
2822.630,
2823.300,
2823.928,
2824.620,
2825.511,
2826.115,
2827.022,
2827.614,
2828.009,
2828.537,
2829.063,
2829.601,
2830.180,
2831.028,
2831.774,
2832.444,
2833.180,
2833.860,
2834.471,
2835.290,
2836.092,
2836.663,
2837.029,
2837.238,
2837.238,
2837.679,
2838.399,
2839.199,
2840.107,
2840.585,
2841.234,
2841.234,
2841.551,
2841.966,
2842.659,
2843.581,
2844.168,
2844.605,
2845.002,
2845.492,
2846.091,
2846.739,
2847.413,
2847.965,
2848.455,
2848.943,
2849.452,
2849.969,
2850.505,
2851.012,
2851.714,
2852.742,
2853.952,
2855.010,
2856.034,
2857.034,
2857.841,
2858.881,
2859.901,
2860.977,
2862.183,
2863.245,
2864.368,
2865.246,
2865.874,
2866.238,
2866.556,
2866.936,
2867.452,
2867.999,
2868.728,
2869.729,
2870.277,
2870.984,
2871.903,
2872.776,
2873.795,
2874.770,
2875.840,
2877.112,
2878.488,
2879.924,
2881.583,
2883.389,
2885.406,
2887.470,
2889.754,
2891.998,
2894.334,
2897.113,
2899.954,
2902.922,
2905.949,
2909.086,
2912.337,
2915.642,
2919.019,
2922.536,
2926.204,
2929.777,
2933.301,
2936.839,
2940.292,
2943.595,
2946.951,
2949.993,
2952.725,
2955.336,
2957.729,
2959.840,
2961.730,
2963.426,
2964.778,
2965.701,
2966.612,
2967.335,
2967.745,
2968.020,
2968.298,
2968.620,
2969.281,
2969.729,
2969.989,
2970.296,
2970.613,
2970.962,
2971.430,
2971.925,
2972.330,
2972.330,
2972.670,
2973.015,
2973.598,
2974.375,
2975.165,
2976.083,
2977.376,
2978.250,
2979.297,
2980.254,
2981.051,
2981.918,
2982.737,
2983.401,
2984.104,
2984.833,
2985.599,
2986.246,
2986.794,
2987.277,
2987.647,
2988.069,
2988.470,
2988.813,
2989.095,
2989.359,
2989.603,
2989.843,
2990.130,
2990.374,
2990.648,
2990.914,
2991.162,
2991.386,
2991.386,
2991.787,
2991.787,
2992.136,
2992.431,
2992.727,
2993.063,
2993.341,
2993.665,
2994.255,
2994.635,
2994.945,
2995.214,
2995.463,
2995.756,
2996.075,
2996.408,
2996.790,
2997.124,
2997.442,
2997.648,
2997.877,
2998.132,
2998.355,
2998.585,
2998.892,
2999.262,
2999.693,
3000.068,
3000.444,
3000.888,
3001.310,
3001.754,
3002.141,
3002.553,
3003.019,
3003.441,
3003.817,
3004.141,
3004.566,
3004.991,
3005.397,
3005.782,
3006.071,
3006.379,
3006.745,
3007.190,
3007.721,
3008.229,
3008.623,
3008.940,
3009.312,
3009.746,
3010.309,
3011.149,
3011.912,
3012.406,
3012.996,
3013.778,
3014.339,
3014.908,
3015.439,
3015.899,
3016.405,
3016.927,
3017.429,
3017.903,
3018.304,
3018.690,
3019.025,
3019.387,
3019.831,
3020.271,
3020.706,
3021.114,
3021.474,
3021.805,
3022.079,
3022.405,
3022.808,
3023.335,
3023.856,
3024.211,
3024.567,
3024.877,
3025.169,
3025.431,
3025.720,
3026.072,
3026.444,
3026.842,
3027.262,
3027.570,
3027.837,
3028.076,
3028.347,
3028.565,
3028.850,
3029.288,
3029.875,
3030.433,
3030.885,
3031.348,
3031.910,
3032.507,
3032.953,
3033.314,
3033.666,
3034.097,
3034.673,
3035.263,
3035.880,
3036.440,
3036.906,
3037.384,
3037.936,
3038.528,
3039.323,
3040.536,
3041.204,
3041.844,
3042.520,
3042.789,
3043.856,
3044.748,
3045.642,
3046.576,
3047.640,
3048.477,
3049.419,
3050.209,
3050.907,
3051.801,
3052.714,
3053.640,
3054.686,
3055.594,
3056.468,
3057.274,
3058.064,
3059.050,
3059.987,
3061.058,
3062.416,
3063.648,
3064.885,
3066.066,
3066.957,
3067.931,
3069.175,
3070.337,
3071.900,
3073.215,
3074.668,
3075.828,
3076.989,
3078.197,
3079.297,
3080.759,
3082.155,
3083.640,
3084.985,
3086.571,
3087.830,
3089.322,
3090.511,
3091.782,
3092.570,
3093.268,
3093.802,
3094.132,
3094.494,
3095.035,
3095.417,
3095.740,
3096.028,
3096.303,
3096.634,
3096.999,
3097.402,
3097.722,
3098.050,
3098.426,
3098.979,
3099.636,
3100.300,
3100.995,
3101.760,
3102.592,
3103.309,
3104.068,
3104.804,
3105.432,
3106.192,
3106.873,
3107.724,
3108.566,
3109.552,
3110.251,
3111.044,
3111.948,
3112.702,
3113.238,
3113.692,
3114.095,
3114.581,
3115.029,
3115.377,
3115.619,
3115.890,
3116.243,
3116.722,
3117.345,
3118.150,
3119.061,
3120.014,
3121.123,
3122.522,
3124.019,
3125.764,
3127.544,
3129.670,
3132.064,
3134.509,
3137.216,
3140.164,
3143.217,
3146.393,
3149.728,
3153.154,
3156.670,
3160.288,
3164.019,
3167.525,
3171.252,
3174.904,
3178.169,
3181.391,
3184.578,
3187.414,
3189.823,
3192.119,
3194.068,
3195.650,
3197.050,
3198.023,
3198.693,
3199.251,
3199.706,
3200.199,
3200.646,
3201.054,
3201.385,
3201.783,
3202.310,
3202.937,
3203.423,
3203.787,
3204.185,
3204.596,
3204.943,
3205.227,
3205.597,
3206.150,
3206.980,
3208.004,
3209.201,
3210.425,
3211.569,
3212.858,
3214.023,
3215.203,
3216.143,
3216.919,
3217.809,
3218.619,
3219.460,
3220.323,
3221.087,
3221.902,
3222.737,
3223.477,
3224.127,
3224.818,
3225.619,
3226.337,
3226.865,
3227.407,
3228.102,
3228.721,
3229.767,
3230.255,
3230.829,
3231.475,
3232.164,
3232.733,
3233.313,
3234.021,
3234.730,
3235.358,
3236.010,
3236.768,
3237.539,
3238.158,
3238.930,
3239.720,
3240.435,
3241.226,
3241.890,
3242.573,
3243.208,
3243.943,
3244.552,
3245.208,
3246.018,
3246.712,
3247.283,
3247.862,
3248.359,
3248.777,
3249.201,
3249.686,
3250.059,
3250.362,
3250.700,
3251.081,
3251.602,
3252.087,
3252.572,
3252.994,
3253.406,
3253.852,
3254.454,
3254.843,
3255.227,
3255.654,
3256.139,
3256.603,
3256.986,
3257.323,
3257.631,
3257.996,
3258.410,
3258.759,
3259.113,
3259.360,
3259.619,
3259.909,
3260.235,
3260.678,
3261.119,
3261.532,
3261.926,
3262.229,
3262.561,
3262.893,
3263.136,
3263.404,
3263.728,
3264.102,
3264.493,
3264.831,
3265.089,
3265.089,
3265.417,
3265.417,
3265.794,
3266.143,
3266.575,
3266.957,
3267.244,
3267.545,
3267.776,
3268.032,
3268.320,
3268.625,
3268.991,
3269.310,
3269.783,
3269.783,
3270.120,
3270.410,
3270.410,
3270.837,
3271.179,
3271.585,
3272.174,
3272.378,
3272.607,
3272.607,
3272.607,
3272.943,
3273.298,
3273.706,
3274.196,
3274.789,
3275.002,
3275.002,
3275.002,
3275.227,
3275.227,
3275.979,
3276.319,
3276.666,
3276.982,
3277.210,
3277.210,
3277.557,
3277.788,
3278.118,
3278.534,
3278.970,
3279.354,
3279.626,
3279.896,
3280.164,
3280.435,
3280.749,
3281.143,
3281.640,
3282.133,
3282.558,
3282.915,
3283.188,
3283.429,
3283.678,
3283.913,
3284.224,
3284.628,
3284.977,
3285.390,
3285.762,
3286.159,
3286.454,
3286.770,
3287.144,
3287.575,
3288.006,
3288.360,
3288.727,
3289.097,
3289.580,
3290.053,
3290.565,
3291.185,
3291.685,
3291.983,
3291.983,
3292.248,
3292.498,
3292.924,
3293.387,
3293.705,
3293.705,
3294.023,
3294.023,
3294.023,
3294.269,
3294.774,
3295.251,
3295.540,
3295.540,
3295.540,
3295.871,
3296.102,
3296.102,
3296.431,
3296.431,
3296.656,
3296.656,
3296.656,
3296.863,
3296.863,
3297.090,
3297.090,
3297.090,
3297.319,
3297.319,
3297.636,
3297.636,
3297.988,
3298.254,
3298.659,
3299.216,
3299.697,
3300.139,
3300.602,
3301.087,
3301.506,
3301.939,
3302.493,
3303.131,
3303.869,
3304.591,
3305.316,
3306.211,
3307.525,
3308.638,
3309.931,
3311.136,
3312.423,
3313.690,
3315.079,
3316.572,
3318.178,
3319.961,
3321.679,
3323.519,
3325.324,
3327.285,
3329.368,
3331.392,
3333.486,
3335.213,
3337.001,
3338.605,
3339.990,
3341.435,
3343.096,
3344.947,
3347.096,
3349.385,
3351.612,
3353.810,
3355.708,
3357.583,
3359.587,
3361.509,
3363.444,
3365.505,
3367.396,
3369.458,
3371.584,
3373.700,
3375.974,
3378.270,
3380.517,
3382.763,
3385.326,
3387.416,
3389.664,
3391.724,
3393.788,
3395.687,
3397.593,
3399.495,
3401.411,
3403.366,
3405.143,
3407.068,
3408.892,
3410.745,
3412.576,
3414.146,
3415.624,
3417.095,
3418.219,
3419.219,
3420.045,
3421.045,
3422.052,
3423.201,
3424.326,
3425.679,
3426.942,
3428.138,
3429.401,
3430.418,
3431.407,
3432.395,
3433.159,
3433.882,
3434.716,
3435.718,
3437.017,
3438.600,
3440.421,
3442.412,
3444.658,
3446.924,
3449.334,
3451.768,
3454.252,
3456.877,
3459.515,
3462.097,
3464.712,
3467.274,
3469.954,
3472.551,
3475.222,
3477.863,
3480.466,
3483.168,
3486.223,
3488.802,
3491.448,
3493.980,
3496.634,
3499.249,
3501.924,
3504.573,
3507.273,
3509.822,
3512.332,
3514.829,
3517.202,
3519.547,
3521.978,
3524.431,
3526.893,
3529.290,
3531.644,
3533.805,
3535.888,
3537.700,
3539.526,
3541.192,
3542.808,
3544.432,
3545.887,
3547.488,
3548.573,
3549.927,
3550.829,
3551.808,
3552.862,
3553.541,
3554.249,
3555.049,
3555.697,
3556.394,
3557.209,
3558.300,
3559.157,
3559.913,
3560.854,
3561.806,
3562.656,
3563.858,
3565.034,
3566.531,
3567.965,
3569.635,
3571.332,
3573.089,
3574.797,
3576.591,
3578.112,
3579.766,
3581.242,
3582.710,
3584.624,
3585.889,
3587.852,
3589.425,
3591.016,
3592.620,
3593.958,
3595.416,
3596.451,
3597.682,
3598.715,
3599.630,
3600.573,
3601.518,
3602.285,
3603.032,
3603.747,
3604.393,
3605.082,
3605.711,
3606.272,
3606.852,
3607.461,
3608.109,
3608.595,
3609.061,
3609.500,
3609.869,
3610.232,
3610.598,
3610.948,
3611.292,
3611.659,
3612.041,
3612.366,
3612.735,
3612.996,
3613.210,
3613.210,
3613.457,
3613.680,
3613.993,
3614.371,
3614.808,
3615.241,
3615.679,
3616.064,
3616.535,
3617.098,
3617.635,
3618.097,
3618.604,
3619.272,
3619.883,
3620.521,
3621.406,
3622.281,
3623.141,
3624.065,
3624.848,
3625.608,
3626.435,
3627.176,
3627.996,
3629.081,
3630.099,
3631.283,
3632.482,
3633.806,
3634.953,
3636.055,
3636.855,
3637.645,
3638.258,
3638.839,
3639.607,
3640.495,
3641.387,
3642.235,
3642.879,
3643.327,
3643.708,
3644.202,
3644.918,
3645.671,
3646.440,
3647.433,
3648.379,
3649.591,
3650.824,
3652.319,
3653.855,
3655.417,
3657.161,
3659.071,
3660.747,
3662.634,
3664.598,
3666.618,
3668.715,
3670.689,
3672.645,
3674.414,
3676.149,
3677.898,
3679.448,
3680.957,
3682.889,
3684.322,
3685.931,
3687.397,
3688.913,
3690.189,
3691.469,
3692.620,
3693.727,
3694.777,
3695.828,
3696.745,
3697.847,
3698.842,
3699.804,
3700.836,
3701.614,
3702.544,
3703.387,
3704.092,
3704.744,
3705.417,
3706.044,
3706.549,
3707.044,
3707.549,
3708.114,
3708.631,
3709.184,
3709.718,
3710.249,
3710.786,
3711.367,
3711.966,
3712.526,
3713.116,
3713.763,
3714.467,
3715.191,
3715.883,
3716.587,
3717.274,
3718.040,
3718.779,
3719.547,
3720.247,
3720.935,
3721.647,
3722.380,
3723.047,
3723.804,
3724.461,
3725.054,
3725.583,
3726.075,
3726.478,
3726.875,
3727.214,
3727.542,
3727.853,
3728.156,
3728.399,
3728.639,
3728.859,
3728.859,
3729.123,
3729.123,
3729.363,
3729.609,
3729.944,
3730.339,
3730.890,
3731.537,
3732.112,
3732.654,
3733.267,
3733.814,
3734.534,
3735.698,
3736.715,
3737.822,
3738.941,
3740.135,
3741.216,
3742.434,
3743.532,
3744.631,
3745.750,
3746.789,
3747.948,
3749.022,
3750.101,
3751.191,
3752.328,
3753.303,
3754.433,
3755.519,
3756.535,
3757.746,
3758.763,
3759.822,
3760.729,
3761.458,
3762.257,
3762.970,
3763.522,
3764.027,
3764.504,
3765.012,
3765.451,
3765.846,
3766.187,
3766.503,
3766.907,
3767.342,
3767.834,
3768.277,
3768.644,
3769.035,
3769.421,
3769.770,
3770.159,
3770.909,
3771.263,
3771.567,
3771.907,
3772.245,
3772.629,
3772.967,
3773.730,
3774.044,
3774.337,
3774.629,
3774.932,
3774.932,
3775.190,
3775.598,
3775.974,
3776.281,
3776.572,
3777.275,
3777.572,
3777.898,
3778.196,
3778.445,
3778.652,
3778.652,
3779.023,
3779.023,
3779.381,
3779.381,
3779.767,
3780.028,
3780.339,
3780.925,
3781.274,
3781.599,
3781.909,
3782.249,
3782.689,
3783.256,
3783.783,
3784.535,
3785.014,
3785.642,
3786.228,
3786.733,
3787.600,
3788.182,
3788.761,
3789.312,
3789.836,
3790.459,
3791.094,
3791.601,
3792.099,
3792.533,
3793.012,
3793.542,
3793.943,
3794.332,
3794.741,
3795.282,
3795.769,
3796.287,
3796.704,
3797.091,
3797.501,
3797.925,
3798.344,
3798.782,
3799.609,
3800.073,
3800.544,
3801.031,
3801.412,
3801.817,
3802.179,
3802.674,
3803.000,
3803.359,
3803.680,
3803.947,
3804.225,
3804.502,
3804.796,
3805.020,
3805.020,
3805.350,
3805.826,
3805.826,
3806.026,
3806.026,
3806.241,
3806.241,
3806.456,
3806.456,
3806.700,
3806.700,
3806.700,
3806.945,
3806.945,
3806.945,
3807.202,
3807.202,
3807.426,
3807.426,
3807.426,
3807.715,
3807.715,
3807.937,
3807.937,
3808.183,
3808.183,
3808.496,
3808.496,
3808.781,
3808.781,
3808.998,
3808.998,
3809.237,
3809.237,
3809.563,
3809.563,
3809.906,
3809.906,
3810.264,
3810.264,
3810.657,
3810.657,
3810.995,
3810.995,
3811.305,
3811.305,
3811.560,
3811.560,
3811.560,
3811.866,
3811.866,
3812.094,
3812.094,
3812.473,
3812.735,
3813.055,
3813.521,
3814.104,
3814.687,
3815.200,
3815.786,
3816.407,
3817.163,
3817.974,
3818.896,
3819.929,
3820.839,
3821.942,
3823.191,
3824.285,
3825.505,
3826.469,
3827.831,
3828.913,
3830.111,
3831.175,
3832.128,
3833.001,
3833.655,
3834.330,
3835.150,
3835.698,
3836.268,
3836.764,
3837.303,
3837.824,
3838.324,
3838.835,
3839.320,
3839.729,
3840.044,
3840.313,
3840.557,
3840.844,
3841.146,
3841.433,
3841.715,
3842.047,
3842.335,
3843.024,
3843.349,
3843.738,
3844.153,
3844.569,
3844.908,
3845.195,
3845.493,
3845.793,
3846.121,
3846.478,
3846.883,
3847.283,
3847.776,
3848.303,
3848.763,
3849.212,
3849.700,
3850.195,
3850.195,
3850.681,
3851.529,
3851.974,
3852.200,
3852.606,
3853.512,
3853.988,
3854.352,
3854.780,
3855.237,
3855.596,
3855.974,
3856.345,
3856.799,
3857.226,
3857.667,
3858.106,
3858.565,
3858.972,
3859.345,
3859.656,
3860.033,
3860.407,
3860.748,
3861.028,
3861.312,
3861.588,
3861.792,
3861.792,
3862.163,
3862.421,
3862.716,
3863.160,
3863.729,
3864.359,
3865.148,
3866.020,
3866.842,
3867.855,
3868.896,
3870.014,
3871.099,
3872.207,
3873.299,
3874.439,
3875.543,
3876.614,
3877.714,
3878.693,
3879.849,
3880.841,
3881.954,
3882.995,
3883.999,
3885.104,
3886.340,
3887.347,
3888.228,
3889.163,
3889.854,
3890.773,
3892.148,
3893.001,
3893.876,
3894.774,
3895.576,
3896.428,
3897.326,
3897.923,
3898.669,
3899.480,
3900.216,
3900.837,
3901.399,
3901.857,
3902.365,
3902.828,
3903.317,
3903.660,
3903.930,
3904.170,
3904.418,
3904.678,
3904.949,
3905.286,
3905.564,
3905.814,
3906.094,
3906.411,
3906.702,
3907.014,
3907.285,
3907.514,
3907.514,
3907.910,
3907.910,
3908.264,
3908.264,
3908.631,
3908.631,
3908.970,
3908.970,
3909.277,
3909.277,
3909.524,
3909.524,
3909.821,
3909.821,
3910.178,
3910.422,
3910.680,
3911.013,
3911.406,
3911.772,
3912.139,
3912.580,
3912.973,
3913.300,
3913.685,
3913.943,
3914.594,
3914.985,
3915.384,
3915.919,
3916.362,
3916.778,
3917.151,
3917.602,
3918.090,
3918.541,
3918.934,
3919.304,
3919.677,
3920.192,
3920.680,
3921.205,
3921.623,
3922.179,
3922.648,
3923.041,
3923.410,
3923.691,
3923.691,
3924.112,
3924.441,
3924.821,
3925.183,
3925.504,
3925.870,
3926.105,
3926.333,
3926.582,
3926.845,
3927.154,
3927.477,
3927.809,
3928.088,
3928.392,
3928.647,
3929.273,
3929.604,
3929.904,
3930.169,
3930.394,
3930.877,
3930.877,
3931.257,
3931.257,
3931.619,
3931.827,
3932.033,
3932.236,
3932.236,
3932.592,
3932.592,
3933.194,
3933.194,
3933.568,
3933.795,
3933.795,
3934.156,
3934.156,
3934.156,
3934.400,
3934.400,
3934.400,
3934.400,
3934.641,
3934.641,
3934.641,
3934.641,
3934.898,
3934.898,
3935.197,
3935.197,
3935.573,
3935.787,
3935.787,
3936.131,
3936.131,
3936.443,
3936.443,
3936.819,
3937.030,
3937.236,
3937.236,
3937.620,
3937.861,
3938.081,
3938.348,
3938.595,
3938.802,
3938.802,
3939.165,
3939.165,
3939.490,
3939.490,
3939.721,
3939.721,
3939.933,
3939.933,
3940.296,
3940.501,
3940.779,
3941.103,
3941.404,
3941.721,
3942.042,
3942.320,
3942.617,
3942.869,
3943.139,
3943.448,
3943.808,
3944.162,
3944.548,
3944.929,
3945.315,
3945.683,
3946.055,
3946.408,
3946.787,
3947.134,
3947.587,
3948.035,
3948.487,
3948.936,
3949.384,
3949.905,
3950.481,
3951.042,
3951.583,
3952.098,
3952.618,
3953.177,
3953.632,
3954.157,
3954.627,
3955.064,
3955.471,
3955.876,
3956.298,
3956.685,
3957.125,
3957.557,
3957.966,
3958.383,
3958.855,
3959.344,
3959.887,
3960.481,
3960.985,
3961.715,
3962.183,
3962.830,
3963.343,
3963.884,
3964.333,
3964.896,
3965.367,
3965.912,
3966.573,
3967.098,
3967.580,
3968.057,
3968.522,
3968.991,
3969.448,
3969.921,
3970.420,
3970.902,
3971.336,
3971.747,
3972.189,
3972.624,
3973.076,
3973.456,
3973.860,
3974.264,
3974.662,
3975.149,
3975.915,
3976.346,
3976.805,
3977.010,
3977.544,
3978.067,
3978.500,
3979.241,
3979.833,
3980.150,
3980.565,
3980.900,
3981.267,
3982.007,
3982.524,
3982.901,
3983.555,
3984.167,
3985.221,
3985.941,
3986.599,
3986.884,
3987.958,
3988.435,
3988.918,
3989.308,
3989.664,
3989.949,
3990.240,
3990.604,
3990.967,
3991.296,
3991.622,
3991.949,
3992.247,
3992.510,
3992.871,
3993.232,
3993.659,
3994.140,
3994.723,
3995.327,
3996.064,
3996.886,
3997.608,
3998.499,
3999.760,
4000.618,
4001.663,
4002.651,
4003.740,
4004.642,
4005.707,
4006.731,
4007.717,
4008.877,
4009.774,
4010.806,
4011.823,
4012.748,
4013.750,
4014.681,
4015.609,
4016.444,
4017.184,
4018.244,
4018.994,
4019.727,
4020.465,
4021.234,
4021.804,
4022.377,
4022.910,
4023.329,
4023.790,
4024.304,
4024.813,
4025.348,
4025.842,
4026.246,
4026.629,
4027.448,
4027.919,
4028.292,
4028.663,
4028.965,
4029.288,
4029.603,
4029.922,
4030.231,
4030.906,
4031.112,
4031.506,
4031.506,
4031.872,
4031.872,
4032.248,
4032.248,
4032.618,
4032.618,
4032.827,
4032.827,
4032.827,
4033.094,
4033.094,
4033.360,
4033.360,
4033.574,
4033.574,
4034.254,
4034.254,
4034.254,
4034.489,
4034.887,
4034.887,
4035.510,
4035.510,
4035.510,
4035.770,
4035.770,
4035.770,
4036.007,
4036.007,
4036.218,
4036.218,
4036.587,
4036.587,
4037.076,
4037.076,
4037.588,
4037.588,
4037.588,
4037.588,
4037.588,
4037.588,
4037.823,
4038.300,
4038.848,
4038.848,
4038.848,
4039.147,
4039.147,
4039.370,
4039.370,
4039.370,
4039.675,
4039.675,
4039.979,
4039.979,
4040.370,
4040.627,
4040.843,
4041.076,
4041.076,
4041.479,
4041.710,
4041.932,
4042.217,
4042.423,
4042.651,
4042.912,
4043.187,
4043.442,
4043.689,
4043.891,
4043.891,
4044.246,
4044.246,
4044.573,
4044.932,
4044.932,
4045.311,
4045.514,
4045.514,
4045.846,
4045.846,
4046.164,
4046.378,
4046.378,
4046.729,
4046.729,
4047.073,
4047.073,
4047.073,
4047.333,
4047.333,
4047.333,
4047.585,
4047.585,
4047.875,
4047.875,
4048.164,
4048.164,
4048.164,
4048.164,
4048.164,
4048.164,
4048.164,
4048.164,
4048.164,
4048.164,
4048.478,
4048.478,
4049.154,
4049.154,
4049.580,
4049.580,
4049.832,
4049.832,
4049.832,
4049.832,
4050.059,
4050.059,
4050.059,
4050.364,
4050.364,
4050.889,
4050.889,
4050.889,
4050.889,
4051.140,
4051.140,
4051.622,
4051.622,
4051.622,
4051.984,
4051.984,
4052.211,
4052.211,
4052.451,
4052.451,
4052.719,
4052.719,
4053.013,
4053.013,
4053.335,
4053.335,
4053.651,
4053.861,
4054.085,
4054.296,
4054.519,
4054.791,
4055.180,
4055.558,
4055.945,
4056.337,
4056.743,
4057.193,
4057.661,
4058.107,
4058.606,
4059.067,
4059.439,
4059.865,
4060.181,
4060.532,
4060.822,
4061.075,
4061.342,
4061.342,
4061.692,
4061.692,
4062.081,
4062.081,
4062.481,
4062.717,
4063.009,
4063.249,
4063.542,
4063.828,
4064.121,
4064.397,
4064.760,
4065.418,
4065.850,
4066.399,
4066.786,
4067.232,
4067.601,
4067.941,
4068.268,
4068.564,
4068.840,
4069.107,
4069.374,
4069.691,
4069.987,
4070.271,
4070.552,
4070.858,
4071.192,
4071.526,
4071.878,
4072.229,
4072.564,
4072.765,
4073.126,
4074.008,
4074.397,
4074.787,
4075.182,
4075.567,
4076.053,
4076.541,
4077.080,
4077.556,
4077.982,
4078.455,
4079.023,
4079.609,
4080.188,
4080.689,
4081.154,
4081.710,
4082.297,
4082.971,
4083.502,
4084.209,
4084.959,
4085.610,
4086.185,
4086.809,
4087.311,
4087.642,
4087.908,
4088.145,
4088.145,
4088.504,
4088.504,
4088.858,
4089.080,
4089.300,
4089.506,
4089.506,
4089.891,
4090.183,
4090.477,
4090.888,
4091.340,
4091.860,
4092.311,
4092.826,
4093.419,
4094.053,
4094.611,
4095.164,
4095.756,
4096.408,
4097.061,
4097.919,
4098.604,
4099.273,
4099.877,
4100.507,
4101.228,
4101.940,
4102.419,
4102.907,
4103.502,
4104.111,
4104.651,
4105.243,
4105.803,
4106.440,
4106.997,
4107.567,
4108.219,
4108.747,
4109.188,
4109.719,
4110.221,
4110.760,
4111.249,
4111.651,
4112.007,
4112.319,
4112.692,
4113.081,
4113.365,
4113.779,
4114.051,
4114.297,
4114.515,
4114.515,
4114.849,
4114.849,
4115.208,
4115.414,
4115.414,
4115.770,
4115.982,
4115.982,
4116.219,
4116.219,
4116.219,
4116.219,
4116.433,
4116.433,
4116.433,
4116.738,
4116.738,
4116.947,
4116.947,
4117.167,
4117.167,
4117.167,
4117.377,
4117.377,
4117.377,
4117.597,
4117.597,
4117.597,
4117.597,
4117.872,
4117.872,
4117.872,
4118.155,
4118.155,
4118.155,
4118.385,
4118.385,
4118.385,
4118.385,
4118.626,
4118.626,
4118.863,
4118.863,
4119.236,
4119.530,
4119.784,
4120.007,
4120.357,
4120.559,
4120.559,
4121.014,
4121.251,
4121.518,
4121.832,
4122.119,
4122.416,
4122.668,
4122.920,
4122.920,
4123.306,
4123.533,
4123.791,
4124.104,
4124.469,
4124.832,
4125.155,
4125.500,
4125.895,
4126.376,
4126.891,
4127.374,
4127.854,
4128.305,
4128.793,
4129.217,
4129.648,
4130.033,
4130.436,
4130.883,
4131.363,
4131.824,
4132.222,
4132.592,
4133.068,
4133.568,
4134.076,
4134.515,
4134.905,
4135.326,
4135.879,
4136.409,
4136.888,
4137.341,
4137.724,
4138.175,
4138.698,
4139.183,
4139.661,
4140.170,
4140.692,
4141.201,
4141.703,
4142.166,
4142.715,
4143.306,
4143.733,
4144.108,
4144.516,
4144.898,
4145.297,
4145.649,
4146.018,
4146.393,
4146.711,
4146.939,
4147.150,
4147.150,
4147.443,
4147.443,
4147.443,
4147.443,
4147.443,
4147.672,
4147.672,
4147.672,
4147.672,
4147.672,
4147.672,
4147.898,
4147.898,
4148.173,
4148.173,
4148.484,
4148.484,
4148.772,
4148.772,
4149.071,
4149.071,
4149.328,
4149.328,
4149.621,
4149.621,
4149.941,
4149.941,
4150.685,
4150.931,
4151.174,
4151.416,
4151.693,
4152.010,
4152.259,
4152.650,
4153.357,
4153.768,
4154.136,
4154.501,
4154.942,
4155.223,
4156.119,
4156.644,
4157.107,
4157.604,
4158.159,
4158.685,
4159.110,
4159.480,
4159.846,
4160.169,
4160.538,
4160.914,
4161.282,
4161.663,
4162.071,
4162.464,
4162.464,
4163.319,
4163.780,
4164.169,
4164.572,
4165.013,
4165.523,
4165.973,
4166.350,
4166.682,
4167.008,
4167.008,
4167.008,
4167.403,
4167.403,
4167.736,
4167.736,
4168.035,
4168.035,
4168.709,
4168.969,
4169.458,
4169.764,
4170.040,
4170.279,
4170.861,
4171.218,
4171.218,
4171.633,
4171.880,
4172.132,
4172.454,
4172.829,
4173.139,
4173.401,
4173.661,
4174.020,
4174.367,
4174.727,
4175.151,
4175.587,
4176.078,
4176.520,
4176.948,
4177.464,
4178.053,
4178.258,
4178.840,
4179.841,
4180.442,
4181.006,
4181.597,
4182.213,
4182.838,
4183.582,
4184.250,
4184.896,
4185.520,
4186.212,
4186.875,
4187.534,
4188.186,
4189.003,
4189.637,
4190.423,
4191.144,
4191.925,
4192.659,
4193.143,
4193.595,
4194.184,
4194.617,
4194.961,
4195.213,
4195.444,
4195.747,
4196.224,
4196.759,
4197.446,
4198.098,
4198.885,
4199.651,
4200.276,
4200.915,
4201.625,
4202.270,
4202.780,
4203.331,
4204.135,
4204.968,
4205.678,
4206.543,
4207.767,
4208.644,
4209.668,
4210.455,
4211.346,
4212.224,
4213.020,
4214.093,
4215.090,
4216.048,
4217.085,
4218.022,
4219.031,
4219.852,
4220.717,
4221.667,
4222.393,
4223.135,
4224.057,
4224.871,
4225.692,
4226.510,
4227.189,
4227.787,
4228.345,
4228.852,
4229.291,
4229.818,
4230.310,
4230.727,
4231.095,
4231.477,
4231.783,
4232.033,
4232.237,
4232.237,
4232.513,
4232.513,
4232.513,
4232.513,
4232.745,
4232.745,
4232.745,
4232.745,
4233.005,
4233.005,
4233.231,
4233.231,
4233.231,
4233.231,
4233.445,
4233.445,
4233.668,
4233.668,
4234.031,
4234.031,
4234.339,
4234.339,
4234.753,
4235.007,
4235.258,
4235.573,
4235.973,
4236.384,
4236.653,
4236.894,
4237.155,
4237.383,
4237.686,
4238.028,
4238.403,
4238.766,
4239.032,
4239.419,
4239.697,
4239.925,
4240.139,
4240.390,
4240.676,
4241.019,
4241.260,
4241.563,
4241.830,
4242.125,
4242.582,
4242.888,
4243.169,
4243.446,
4243.681,
4243.903,
4244.134,
4244.354,
4244.572,
4244.820,
4245.148,
4245.477,
4245.731,
4245.967,
4246.230,
4246.472,
4246.711,
4246.966,
4247.232,
4247.472,
4247.792,
4248.088,
4248.331,
4248.553,
4248.553,
4248.950,
4249.163,
4249.163,
4249.461,
4249.461,
4249.698,
4249.698,
4249.927,
4249.927,
4250.214,
4250.214,
4250.553,
4250.553,
4250.948,
4250.948,
4251.285,
4251.285,
4251.601,
4251.601,
4251.947,
4251.947,
4252.371,
4252.598,
4252.598,
4252.968,
4252.968,
4253.268,
4253.268,
4253.554,
4253.554,
4253.874,
4254.081,
4254.367,
4254.367,
4254.667,
4254.667,
4254.894,
4254.894,
4254.894,
4255.154,
4255.154,
4255.154,
4255.395,
4255.395,
4255.613,
4255.613,
4255.841,
4255.841,
4255.841,
4256.079,
4256.079,
4256.079,
4256.319,
4256.319,
4256.319,
4256.606,
4256.606,
4257.022,
4257.022,
4257.405,
4257.405,
4257.783,
4257.783,
4258.228,
4258.463,
4258.746,
4258.992,
4259.297,
4259.549,
4259.778,
4260.002,
4260.002,
4260.400,
4260.657,
4260.871,
4261.073,
4261.073,
4261.397,
4261.397,
4261.694,
4261.694,
4262.073,
4262.073,
4262.502,
4262.775,
4263.009,
4263.282,
4263.585,
4263.924,
4264.275,
4264.706,
4265.174,
4265.618,
4266.062,
4266.515,
4266.902,
4267.196,
4267.463,
4267.736,
4267.995,
4268.227,
4268.544,
4268.812,
4269.059,
4269.059,
4269.411,
4269.615,
4269.615,
4270.040,
4270.389,
4270.697,
4271.067,
4271.443,
4271.801,
4272.183,
4272.544,
4272.944,
4273.398,
4273.891,
4274.359,
4274.878,
4275.326,
4275.813,
4276.360,
4276.820,
4277.446,
4277.853,
4278.193,
4278.554,
4278.847,
4279.096,
4279.096,
4279.526,
4279.754,
4279.981,
4280.243,
4280.481,
4280.765,
4281.056,
4281.365,
4281.662,
4281.992,
4282.272,
4282.505,
4282.751,
4282.964,
4283.664,
4283.886,
4284.096,
4284.326,
4284.608,
4284.949,
4285.233,
4285.530,
4285.808,
4286.048,
4286.328,
4286.631,
4286.977,
4287.358,
4287.788,
4288.258,
4288.805,
4289.399,
4290.018,
4290.695,
4291.247,
4291.793,
4292.372,
4292.968,
4293.591,
4293.950,
4294.323,
4294.618,
4294.883,
4295.141,
4295.498,
4295.865,
4296.291,
4296.773,
4297.246,
4297.738,
4298.243,
4298.635,
4299.025,
4299.436,
4299.935,
4300.546,
4301.168,
4301.848,
4302.468,
4303.175,
4303.831,
4304.527,
4305.202,
4305.832,
4306.861,
4307.568,
4308.351,
4309.041,
4309.740,
4310.544,
4311.036,
4311.591,
4312.141,
4312.646,
4313.106,
4313.550,
4313.990,
4314.312,
4314.663,
4314.983,
4315.284,
4315.550,
4315.769,
4315.996,
4316.203,
4316.435,
4316.675,
4316.900,
4317.132,
4317.385,
4317.385,
4317.635,
4317.635,
4317.635,
4317.635,
4317.635,
4317.855,
4317.855,
4318.059,
4318.059,
4318.380,
4318.380,
4318.785,
4318.990,
4318.990,
4319.277,
4319.277,
4319.562,
4319.562,
4319.937,
4319.937,
4320.346,
4320.346,
4320.754,
4320.754,
4321.093,
4321.093,
4321.522,
4321.737,
4321.994,
4322.279,
4322.279,
4322.633,
4322.633,
4322.961,
4322.961,
4323.291,
4323.291,
4323.674,
4323.881,
4324.115,
4324.341,
4324.556,
4324.764,
4324.967,
4325.180,
4325.180,
4325.421,
4325.421,
4325.421,
4325.621,
4325.621,
4325.925,
4325.925,
4326.255,
4326.255,
4326.669,
4326.884,
4327.104,
4327.104,
4327.421,
4327.633,
4327.633,
4327.921,
4327.921,
4328.292,
4328.292,
4328.719,
4328.933,
4329.172,
4329.411,
4329.667,
4329.910,
4329.910,
4330.333,
4330.637,
4331.038,
4331.360,
4331.642,
4331.922,
4332.169,
4332.398,
4332.612,
4332.852,
4332.852,
4333.288,
4333.572,
4333.861,
4334.167,
4334.453,
4334.684,
4334.684,
4335.072,
4335.309,
4335.539,
4335.795,
4336.000,
4336.212,
4336.212,
4336.681,
4336.927,
4337.216,
4337.491,
4337.776,
4338.142,
4338.531,
4338.957,
4339.269,
4339.591,
4339.855,
4340.141,
4340.503,
4340.862,
4341.192,
4341.487,
4341.754,
4341.966,
4342.208,
4342.208,
4342.479,
4342.479,
4342.722,
4342.722,
4343.030,
4343.030,
4343.254,
4343.254,
4343.477,
4343.477,
4343.477,
4343.684,
4343.684,
4343.684,
4343.684,
4343.961,
4344.169,
4344.443,
4344.739,
4345.038,
4345.364,
4345.727,
4346.558,
4347.062,
4347.590,
4348.214,
4348.877,
4349.582,
4350.366,
4351.064,
4351.867,
4352.591,
4353.331,
4354.076,
4354.779,
4355.506,
4356.130,
4356.635,
4357.097,
4357.636,
4358.138,
4358.596,
4359.030,
4359.524,
4359.934,
4360.333,
4360.740,
4361.156,
4361.618,
4362.098,
4362.567,
4363.026,
4363.462,
4363.957,
4364.566,
4365.131,
4365.641,
4366.076,
4366.433,
4366.751,
4367.133,
4367.424,
4367.660,
4367.660,
4367.878,
4367.878,
4367.878,
4368.098,
4368.098,
4368.873,
4369.213,
4369.543,
4369.961,
4370.410,
4370.897,
4371.602,
4372.043,
4372.506,
4372.902,
4373.317,
4374.019,
4374.435,
4375.069,
4375.514,
4375.958,
4376.408,
4376.824,
4377.220,
4377.563,
4377.933,
4378.368,
4378.739,
4378.739,
4379.053,
4379.363,
4380.267,
4380.661,
4381.070,
4381.484,
4381.949,
4382.394,
4382.882,
4382.882,
4383.363,
4383.783,
4384.709,
4385.260,
4385.260,
4385.928,
4387.055,
4387.655,
4388.199,
4388.755,
4389.372,
4389.948,
4390.396,
4390.840,
4391.229,
4391.229,
4391.643,
4392.573,
4393.048,
4393.493,
4393.931,
4394.383,
4394.980,
4395.362,
4395.604,
4395.604,
4395.604,
4395.974,
4396.293,
4396.685,
4397.501,
4398.095,
4398.596,
4399.139,
4399.762,
4400.344,
4400.845,
4401.392,
4402.191,
4402.865,
4403.445,
4404.059,
4404.787,
4405.411,
4406.123,
4406.834,
4407.553,
4408.159,
4409.249,
4410.067,
4410.759,
4411.348,
4412.036,
4412.583,
4413.202,
4413.815,
4414.469,
4415.100,
4415.786,
4416.376,
4417.379,
4418.008,
4418.535,
4419.053,
4419.597,
4420.155,
4420.604,
4421.072,
4421.885,
4422.343,
4422.810,
4423.157,
4423.512,
4423.820,
4424.123,
4424.473,
4424.828,
4425.156,
4425.530,
4425.785,
4426.007,
4426.007,
4426.379,
4426.379,
4426.691,
4426.691,
4426.904,
4426.904,
4426.904,
4427.146,
4427.146,
4427.146,
4427.146,
4427.146,
4427.146,
4427.347,
4427.347,
4427.347,
4427.584,
4427.584,
4427.584,
4427.792,
4427.792,
4427.792,
4428.074,
4428.074,
4428.074,
4428.325,
4428.720,
4428.720,
4428.957,
4428.957,
4429.666,
4429.666,
4429.988,
4429.988,
4430.303,
4430.514,
4430.740,
4430.979,
4431.196,
4431.405,
4431.724,
4431.933,
4432.160,
4432.828,
4433.055,
4433.305,
4433.582,
4433.845,
4434.115,
4434.411,
4434.785,
4435.029,
4435.309,
4436.038,
4436.337,
4436.592,
4436.926,
4437.228,
4437.532,
4437.950,
4438.261,
4438.608,
4439.327,
4439.707,
4440.038,
4440.310,
4440.603,
4440.911,
4441.238,
4441.687,
4442.054,
4442.833,
4443.236,
4443.604,
4443.965,
4444.455,
4444.915,
4445.307,
4445.758,
4446.202,
4447.016,
4447.460,
4447.947,
4448.353,
4448.803,
4449.275,
4450.090,
4450.576,
4451.004,
4451.840,
4452.226,
4452.706,
4453.195,
4453.915,
4454.215,
4454.519,
4454.831,
4455.198,
4455.521,
4455.863,
4456.128,
4456.526,
4457.264,
4457.535,
4457.816,
4458.081,
4458.373,
4458.630,
4458.947,
4459.199,
4459.432,
4459.432,
4459.777,
4460.168,
4460.168,
4460.492,
4461.128,
4461.128,
4461.518,
4461.518,
4461.826,
4461.826,
4462.060,
4462.060,
4462.281,
4462.281,
4462.597,
4462.597,
4462.597,
4462.597,
4462.597,
4462.597,
4462.597,
4462.597,
4462.597,
4462.874,
4462.874,
4463.177,
4463.876,
4464.220,
4464.220,
4464.564,
4464.780,
4465.008,
4465.008,
4465.381,
4465.381,
4465.764,
4465.974,
4465.974,
4466.383,
4466.653,
4467.008,
4467.328,
4467.771,
4468.200,
4468.529,
4468.835,
4469.105,
4469.329,
4469.329,
4469.700,
4469.700,
4469.997,
4470.291,
4470.668,
4471.080,
4471.573,
4472.133,
4472.746,
4473.261,
4473.857,
4474.429,
4475.050,
4475.708,
4476.345,
4476.989,
4477.743,
4478.613,
4479.327,
4480.097,
4480.853,
4481.498,
4482.180,
4482.844,
4483.522,
4484.474,
4485.110,
4485.851,
4486.622,
4487.405,
4488.037,
4488.658,
4489.244,
4489.763,
4490.282,
4490.735,
4491.186,
4491.616,
4492.114,
4492.653,
4493.230,
4493.864,
4494.416,
4494.995,
4495.786,
4496.544,
4497.039,
4497.915,
4498.806,
4499.998,
4501.028,
4501.921,
4502.846,
4503.891,
4504.759,
4505.753,
4506.717,
4507.429,
4508.362,
4509.213,
4509.887,
4510.631,
4511.393,
4512.084,
4512.849,
4513.567,
4514.292,
4515.060,
4515.947,
4516.732,
4517.472,
4518.268,
4518.944,
4519.541,
4520.048,
4520.543,
4521.034,
4521.665,
4522.369,
4523.152,
4523.980,
4524.946,
4525.848,
4526.733,
4527.586,
4528.403,
4529.208,
4530.124,
4531.133,
4531.962,
4532.926,
4533.913,
4534.734,
4535.678,
4536.468,
4537.470,
4538.282,
4539.145,
4539.902,
4540.615,
4541.320,
4542.035,
4542.729,
4543.344,
4543.891,
4544.460,
4545.024,
4545.499,
4546.010,
4546.530,
4547.059,
4547.500,
4547.949,
4548.491,
4548.971,
4549.448,
4549.909,
4550.353,
4550.760,
4551.169,
4551.483,
4551.778,
4552.008,
4552.224,
4552.224,
4552.543,
4552.543,
4552.820,
4552.820,
4553.083,
4553.083,
4553.307,
4553.307,
4553.307,
4553.551,
4553.551,
4553.551,
4553.551,
4553.792,
4553.792,
4553.792,
4553.792,
4553.792,
4553.792,
4554.015,
4554.015,
4554.015,
4554.251,
4554.251,
4554.251,
4554.542,
4554.542,
4554.542,
4554.801,
4554.801,
4554.801,
4555.065,
4555.065,
4555.290,
4555.290,
4555.503,
4555.503,
4555.503,
4555.740,
4555.740,
4556.328,
4556.328,
4556.595,
4556.836,
4557.069,
4557.392,
4557.392,
4557.783,
4557.783,
4558.039,
4558.039,
4558.039,
4558.304,
4558.304,
4558.304,
4558.642,
4558.642,
4558.937,
4558.937,
4559.355,
4559.645,
4559.855,
4560.088,
4560.291,
4560.291,
4560.639,
4560.639,
4561.045,
4561.045,
4561.401,
4561.401,
4561.766,
4561.766,
4562.149,
4562.356,
4562.356,
4562.754,
4563.057,
4563.326,
4563.575,
4563.858,
4564.130,
4564.375,
4564.603,
4564.879,
4565.138,
4565.402,
4565.683,
4565.994,
4566.271,
4566.597,
4566.872,
4567.266,
4567.647,
4568.008,
4568.315,
4568.590,
4568.854,
4569.134,
4569.363,
4569.684,
4570.045,
4570.389,
4570.664,
4571.028,
4571.303,
4571.525,
4571.745,
4571.945,
4572.182,
4572.477,
4572.681,
4572.681,
4573.036,
4573.036,
4573.271,
4573.271,
4573.654,
4573.654,
4574.002,
4574.002,
4574.437,
4574.663,
4574.866,
4574.866,
4575.146,
4575.146,
4575.388,
4575.388,
4575.743,
4575.743,
4576.137,
4576.137,
4576.497,
4576.497,
4576.808,
4577.037,
4577.247,
4577.449,
4577.449,
4577.802,
4577.802,
4578.122,
4578.122,
4578.407,
4578.407,
4578.802,
4579.024,
4579.240,
4579.530,
4579.816,
4580.097,
4580.447,
4580.718,
4580.977,
4581.269,
4581.602,
4581.993,
4582.420,
4582.854,
4583.296,
4583.764,
4584.244,
4584.726,
4585.215,
4585.650,
4586.173,
4586.617,
4587.136,
4587.594,
4588.078,
4588.476,
4588.845,
4589.191,
4589.486,
4589.730,
4589.957,
4589.957,
4590.312,
4590.312,
4590.632,
4590.632,
4590.965,
4590.965,
4591.288,
4591.288,
4591.668,
4591.886,
4592.145,
4592.395,
4592.667,
4592.881,
4593.145,
4593.714,
4593.985,
4594.267,
4594.670,
4595.116,
4595.537,
4595.997,
4596.492,
4597.039,
4597.542,
4598.064,
4598.556,
4599.014,
4599.452,
4599.989,
4600.558,
4601.171,
4601.737,
4602.292,
4602.950,
4603.715,
4604.252,
4604.897,
4605.807,
4606.523,
4607.089,
4607.618,
4608.129,
4608.787,
4609.327,
4609.910,
4610.355,
4610.931,
4611.504,
4611.960,
4612.342,
4612.658,
4612.963,
4613.237,
4613.515,
4613.773,
4614.064,
4614.064,
4614.482,
4614.704,
4614.981,
4615.309,
4615.702,
4616.174,
4616.728,
4617.270,
4618.007,
4619.006,
4619.984,
4620.937,
4622.086,
4623.204,
4624.361,
4625.415,
4626.420,
4627.369,
4628.293,
4629.130,
4629.968,
4631.012,
4632.095,
4633.055,
4634.191,
4635.369,
4636.921,
4638.055,
4639.230,
4640.355,
4641.468,
4642.327,
4643.639,
4644.710,
4645.587,
4646.478,
4647.315,
4648.153,
4648.963,
4649.676,
4650.337,
4651.098,
4651.734,
4652.548,
4653.116,
4653.543,
4653.946,
4654.329,
4654.636,
4654.869,
4655.166,
4655.494,
4655.772,
4656.089,
4656.770,
4656.996,
4656.996,
4657.259,
4657.681,
4657.681,
4657.681,
4657.681,
4657.681,
4658.240,
4658.240,
4658.447,
4658.447,
4658.910,
4659.565,
4659.792,
4660.021,
4660.021,
4660.408,
4660.408,
4660.817,
4661.073,
4661.347,
4661.641,
4661.992,
4662.289,
4662.624,
4662.930,
4663.184,
4663.460,
4663.686,
4663.932,
4664.178,
4664.467,
4664.767,
4665.152,
4665.469,
4665.840,
4666.647,
4667.485,
4667.852,
4668.192,
4668.554,
4668.911,
4669.287,
4669.699,
4670.039,
4670.250,
4670.479,
4670.720,
4671.039,
4671.407,
4671.757,
4672.134,
4672.582,
4672.937,
4673.351,
4673.797,
4674.287,
4674.695,
4675.034,
4675.368,
4675.690,
4676.093,
4676.858,
4677.170,
4677.481,
4677.759,
4678.084,
4678.403,
4678.790,
4679.235,
4680.043,
4680.409,
4680.699,
4681.033,
4681.410,
4681.823,
4682.235,
4682.566,
4682.948,
4683.342,
4683.658,
4684.025,
4684.366,
4684.666,
4684.999,
4685.342,
4685.661,
4686.022,
4686.410,
4686.731,
4686.978,
4687.195,
4687.406,
4687.636,
4687.881,
4688.143,
4688.462,
4688.886,
4689.211,
4689.599,
4689.804,
4690.026,
4690.026,
4690.367,
4690.586,
4690.869,
4691.098,
4691.356,
4691.569,
4691.787,
4692.001,
4692.332,
4692.539,
4692.751,
4692.959,
4692.959,
4693.294,
4693.294,
4693.619,
4693.619,
4693.954,
4694.191,
4694.393,
4694.595,
4694.803,
4694.803,
4695.160,
4695.160,
4695.506,
4695.506,
4695.875,
4695.875,
4696.194,
4696.194,
4696.402,
4696.402,
4696.402,
4696.402,
4696.660,
4696.660,
4696.927,
4696.927,
4697.216,
4697.216,
4697.660,
4697.907,
4698.161,
4698.410,
4698.410,
4698.815,
4698.815,
4699.142,
4699.142,
4699.615,
4699.864,
4699.864,
4700.274,
4700.480,
4700.738,
4701.001,
4701.214,
4701.473,
4701.473,
4701.900,
4702.123,
4702.386,
4702.386,
4702.799,
4703.012,
4703.220,
4703.472,
4703.776,
4704.075,
4704.427,
4704.703,
4704.992,
4705.284,
4705.585,
4705.908,
4706.208,
4706.487,
4706.779,
4707.035,
4707.256,
4707.472,
4707.472,
4707.733,
4707.733,
4708.122,
4708.340,
4708.650,
4708.925,
4709.168,
4709.409,
4709.721,
4710.101,
4710.543,
4711.118,
4711.733,
4712.315,
4712.978,
4713.509,
4713.981,
4714.343,
4714.666,
4714.950,
4715.175,
4715.422,
4715.682,
4715.941,
4716.531,
4716.531,
4716.908,
4716.908,
4717.158,
4717.158,
4717.365,
4717.365,
4717.752,
4718.068,
4718.377,
4718.680,
4719.020,
4719.368,
4719.884,
4720.450,
4721.088,
4721.583,
4722.107,
4722.766,
4723.441,
4724.172,
4724.815,
4725.560,
4726.291,
4727.199,
4727.983,
4728.755,
4729.633,
4730.665,
4731.473,
4732.484,
4733.623,
4734.509,
4735.512,
4736.410,
4737.307,
4738.127,
4738.915,
4739.635,
4740.274,
4740.880,
4741.466,
4741.995,
4742.466,
4742.870,
4743.268,
4743.637,
4743.955,
4744.221,
4744.221,
4744.599,
4744.879,
4745.274,
4745.812,
4746.337,
4747.066,
4747.866,
4748.767,
4749.616,
4750.629,
4751.683,
4752.773,
4753.850,
4754.899,
4756.132,
4757.264,
4758.558,
4759.657,
4760.897,
4762.083,
4763.222,
4764.171,
4765.264,
4766.280,
4767.233,
4768.283,
4769.340,
4770.373,
4771.320,
4772.616,
4773.698,
4774.810,
4775.889,
4776.955,
4777.820,
4779.018,
4780.049,
4780.901,
4781.776,
4782.754,
4783.636,
4784.410,
4785.160,
4785.775,
4786.483,
4787.097,
4787.566,
4788.028,
4788.465,
4788.921,
4789.366,
4789.736,
4790.046,
4790.305,
4790.517,
4790.742,
4790.944,
4790.944,
4791.301,
4791.301,
4791.620,
4791.620,
4791.903,
4791.903,
4792.142,
4792.142,
4792.383,
4792.383,
4792.633,
4792.633,
4792.835,
4792.835,
4793.040,
4793.040,
4793.040,
4793.307,
4793.307,
4793.307,
4793.540,
4793.540,
4793.540,
4793.858,
4793.858,
4794.063,
4794.063,
4794.266,
4794.266,
4794.266,
4794.558,
4794.558,
4794.558,
4794.783,
4794.783,
4794.783,
4794.783,
4794.999,
4794.999,
4794.999,
4795.233,
4795.233,
4795.464,
4795.464,
4795.733,
4795.733,
4795.965,
4796.458,
4796.458,
4796.458,
4796.669,
4797.100,
4797.100,
4797.100,
4797.343,
4797.343,
4797.343,
4797.615,
4797.615,
4797.835,
4797.835,
4798.148,
4798.357,
4798.357,
4798.773,
4798.976,
4798.976,
4799.343,
4799.558,
4799.817,
4800.071,
4800.372,
4800.603,
4800.847,
4801.052,
4801.052,
4801.391,
4801.391,
4801.757,
4801.994,
4802.198,
4802.198,
4802.600,
4802.600,
4803.010,
4803.010,
4803.418,
4803.638,
4803.854,
4804.088,
4804.352,
4804.622,
4804.975,
4805.262,
4805.557,
4805.811,
4806.068,
4806.287,
4806.507,
4806.711,
4806.711,
4807.117,
4807.117,
4807.459,
4808.199,
4808.449,
4808.449,
4808.793,
4809.061,
4809.316,
4809.597,
4809.975,
4810.368,
4810.748,
4811.187,
4811.613,
4811.996,
4812.406,
4812.810,
4813.592,
4814.028,
4814.549,
4815.151,
4815.801,
4816.532,
4817.299,
4818.155,
4819.052,
4819.826,
4820.772,
4821.711,
4822.572,
4823.523,
4824.444,
4825.302,
4826.190,
4826.948,
4827.700,
4828.362,
4828.906,
4829.390,
4829.887,
4830.311,
4830.781,
4831.200,
4831.593,
4831.941,
4832.227,
4832.491,
4832.786,
4833.117,
4833.512,
4833.884,
4834.171,
4834.418,
4834.665,
4834.935,
4835.224,
4835.547,
4835.913,
4836.274,
4836.681,
4837.050,
4837.404,
4837.755,
4838.119,
4838.568,
4839.085,
4839.658,
4840.195,
4840.728,
4841.247,
4841.730,
4842.192,
4842.514,
4842.755,
4842.755,
4843.028,
4843.028,
4843.837,
4844.058,
4844.321,
4844.616,
4844.937,
4845.259,
4845.604,
4845.951,
4846.279,
4846.568,
4846.899,
4847.215,
4848.014,
4848.377,
4848.377,
4848.764,
4849.087,
4849.385,
4849.720,
4850.036,
4850.399,
4850.771,
4851.094,
4851.392,
4851.706,
4851.923,
4852.139,
4852.139,
4852.567,
4852.858,
4853.251,
4853.736,
4854.056,
4854.294,
4854.294,
4854.653,
4855.001,
4855.733,
4856.148,
4856.658,
4856.971,
4857.295,
4857.680,
4858.094,
4858.566,
4859.199,
4859.644,
4860.040,
4860.486,
4860.963,
4861.316,
4862.230,
4862.559,
4862.938,
4863.414,
4863.903,
4864.437,
4864.827,
4865.216,
4865.702,
4866.173,
4866.593,
4867.056,
4867.345,
4867.553,
4867.553,
4867.866,
4867.866,
4868.230,
4868.461,
4868.777,
4869.172,
4869.661,
4870.155,
4870.653,
4871.418,
4872.008,
4872.552,
4873.141,
4873.722,
4874.302,
4874.985,
4875.753,
4876.392,
4877.136,
4877.894,
4878.542,
4879.520,
4879.985,
4880.689,
4881.374,
4882.380,
4883.011,
4883.831,
4884.579,
4885.763,
4886.547,
4887.199,
4887.805,
4888.498,
4889.249,
4889.760,
4890.320,
4890.846,
4891.328,
4892.001,
4892.408,
4892.835,
4893.224,
4893.606,
4893.929,
4894.168,
4894.444,
4894.751,
4895.093,
4895.399,
4895.680,
4895.929,
4895.929,
4896.278,
4896.278,
4896.641,
4896.641,
4897.031,
4897.031,
4897.339,
4897.339,
4897.572,
4897.572,
4897.572,
4897.572,
4897.795,
4897.795,
4897.795,
4898.011,
4898.011,
4898.011,
4898.242,
4898.242,
4898.242,
4898.532,
4898.532,
4898.845,
4898.845,
4899.122,
4899.122,
4899.359,
4899.359,
4899.359,
4899.663,
4899.663,
4899.902,
4899.902,
4900.220,
4900.220,
4900.532,
4900.532,
4900.896,
4901.118,
4901.118,
4901.450,
4901.450,
4901.450,
4901.703,
4901.703,
4901.703,
4901.905,
4901.905,
4902.147,
4902.147,
4902.725,
4902.725,
4903.008,
4903.008,
4903.008,
4903.008,
4903.231,
4903.231,
4903.231,
4903.448,
4903.448,
4903.652,
4903.652,
4903.652,
4903.652,
4903.652,
4903.856,
4904.235,
4904.235,
4904.235,
4904.451,
4904.964,
4904.964,
4904.964,
4905.233,
4905.654,
4905.654,
4905.890,
4905.890,
4906.308,
4906.308,
4906.564,
4906.564,
4906.564,
4906.564,
4906.564,
4906.809,
4906.809,
4906.809,
4907.065,
4907.065,
4907.065,
4907.273,
4907.273,
4907.273,
4907.273,
4907.558,
4907.558,
4907.558,
4907.834,
4907.834,
4908.171,
4908.171,
4908.516,
4908.516,
4908.842,
4908.842,
4908.842,
4908.842,
4909.077,
4909.077,
4909.077,
4909.291,
4909.291,
4909.523,
4909.523,
4909.853,
4909.853,
4910.162,
4910.162,
4910.400,
4910.400,
4910.659,
4910.659,
4910.886,
4910.886,
4911.087,
4911.087,
4911.087,
4911.395,
4911.395,
4911.395,
4911.663,
4911.663,
4911.874,
4911.874,
4912.104,
4912.104,
4912.427,
4912.427,
4912.687,
4912.687,
4912.687,
4912.687,
4912.687,
4912.953,
4912.953,
4912.953,
4913.210,
4913.210,
4913.210,
4913.474,
4913.474,
4913.716,
4913.716,
4913.982,
4913.982,
4914.326,
4914.535,
4914.535,
4914.897,
4914.897,
4915.228,
4915.228,
4915.447,
4915.447,
4915.447,
4915.685,
4915.685,
4915.685,
4915.935,
4915.935,
4915.935,
4916.195,
4916.195,
4916.195,
4916.195,
4916.195,
4916.195,
4916.195,
4916.195,
4916.424,
4916.424,
4916.711,
4916.711,
4917.042,
4917.042,
4917.397,
4917.397,
4917.814,
4918.056,
4918.319,
4918.766,
4918.766,
4918.766,
4919.075,
4919.660,
4919.895,
4920.112,
4920.317,
4920.707,
4920.707,
4921.010,
4921.010,
4921.447,
4921.754,
4922.150,
4922.614,
4923.254,
4923.785,
4924.332,
4924.892,
4925.441,
4925.962,
4926.533,
4927.241,
4927.852,
4928.374,
4929.025,
4929.500,
4930.213,
4930.635,
4931.029,
4931.359,
4931.616,
4931.616,
4932.004,
4932.258,
4932.514,
4932.776,
4933.040,
4933.278,
4933.619,
4933.935,
4934.252,
4934.552,
4934.898,
4935.139,
4935.637,
4936.280,
4936.929,
4937.534,
4938.103,
4939.184,
4939.869,
4940.411,
4941.126,
4942.074,
4942.729,
4943.513,
4944.307,
4945.405,
4946.193,
4946.945,
4947.790,
4948.621,
4949.400,
4950.131,
4951.127,
4951.804,
4952.435,
4953.083,
4953.804,
4954.257,
4954.724,
4955.284,
4955.985,
4956.518,
4957.038,
4957.679,
4958.290,
4958.769,
4959.139,
4959.440,
4959.440,
4959.768,
4959.988,
4960.322,
4960.688,
4961.177,
4961.755,
4962.430,
4963.189,
4963.794,
4964.391,
4965.126,
4965.891,
4966.630,
4967.598,
4968.549,
4969.359,
4970.470,
4971.447,
4972.481,
4973.841,
4974.628,
4975.655,
4976.453,
4977.385,
4978.362,
4979.221,
4980.482,
4981.251,
4982.182,
4983.388,
4984.210,
4984.973,
4986.058,
4986.777,
4987.616,
4988.122,
4989.039,
4989.629,
4990.235,
4990.753,
4991.249,
4991.819,
4992.379,
4992.886,
4993.305,
4993.737,
4994.192,
4994.608,
4994.961,
4995.305,
4995.554,
4995.768,
4995.768,
4996.149,
4996.385,
4996.657,
4996.933,
4997.207,
4997.469,
4997.711,
4997.928,
4998.160,
4998.398,
4998.608,
4998.608,
4998.980,
4998.980,
4999.328,
4999.589,
4999.868,
5000.398,
5000.715,
5001.039,
5001.333,
5001.571,
5001.800,
5002.020,
5002.020,
5002.347,
5002.722,
5002.722,
5003.114,
5003.353,
5003.618,
5003.854,
5004.055,
5004.055,
5004.602,
5004.602,
5004.875,
5004.875,
5005.150,
5005.150,
5005.535,
5005.799,
5006.013,
5006.013,
5006.355,
5006.355,
5006.355,
5006.605,
5006.605,
5006.921,
5006.921,
5007.174,
5007.174,
5007.657,
5007.657,
5007.859,
5007.859,
5008.127,
5008.127,
5008.389,
5008.389,
5008.640,
5008.640,
5008.877,
5008.877,
5008.877,
5008.877,
5008.877,
5008.877,
5008.877,
5008.877,
5009.107,
5009.107,
5009.107,
5009.436,
5009.436,
5009.436,
5009.436,
5009.436,
5009.436,
5009.661,
5009.661,
5009.661,
5009.661,
5009.876,
5009.876,
5009.876,
5009.876,
5009.876,
5010.076,
5010.076,
5010.076,
5010.076,
5010.368,
5010.368,
5010.603,
5010.603,
5010.603,
5010.878,
5010.878,
5010.878,
5010.878,
5011.078,
5011.078,
5011.078,
5011.343,
5011.343,
5011.555,
5011.555,
5011.555,
5011.555,
5011.555,
5011.870,
5011.870,
5012.328,
5012.563,
5012.787,
5013.043,
5013.043,
5013.350,
5013.350,
5013.571,
5013.571,
5013.988,
5014.284,
5014.606,
5014.957,
5015.296,
5015.638,
5015.906,
5015.906,
5016.325,
5016.548,
5016.548,
5016.924,
5017.166,
5017.386,
5017.613,
5017.815,
5018.019,
5018.019,
5018.406,
5018.406,
5018.782,
5019.026,
5019.308,
5019.570,
5019.801,
5020.038,
5020.287,
5020.567,
5020.830,
5021.102,
5021.402,
5021.650,
5021.870,
5022.140,
5022.402,
5022.677,
5022.907,
5023.159,
5023.159,
5023.587,
5023.881,
5024.203,
5024.441,
5024.723,
5024.957,
5025.167,
5025.420,
5025.671,
5025.913,
5026.127,
5026.127,
5026.492,
5026.492,
5026.803,
5026.803,
5027.048,
5027.048,
5027.435,
5027.435,
5027.796,
5028.002,
5028.214,
5028.214,
5028.572,
5028.572,
5028.954,
5029.172,
5029.378,
5029.623,
5029.852,
5030.077,
5030.320,
5030.574,
5030.871,
5031.196,
5031.521,
5031.812,
5032.121,
5032.416,
5032.686,
5032.985,
5033.308,
5033.561,
5033.790,
5034.027,
5034.319,
5034.605,
5034.938,
5035.244,
5035.564,
5035.862,
5036.155,
5036.462,
5036.769,
5037.026,
5037.290,
5037.556,
5037.836,
5038.107,
5038.389,
5038.630,
5038.864,
5039.099,
5039.334,
5039.544,
5039.798,
5040.035,
5040.284,
5040.527,
5040.797,
5041.057,
5041.307,
5041.593,
5041.850,
5042.071,
5042.355,
5042.683,
5043.007,
5043.401,
5043.839,
5044.346,
5044.836,
5045.333,
5045.792,
5046.334,
5046.871,
5047.411,
5048.001,
5048.586,
5049.091,
5049.611,
5050.139,
5050.644,
5051.195,
5051.765,
5052.283,
5052.765,
5053.256,
5053.733,
5054.280,
5054.714,
5055.139,
5055.536,
5055.867,
5056.223,
5056.562,
5056.914,
5057.248,
5057.521,
5057.751,
5058.027,
5058.267,
5058.488,
5058.715,
5058.955,
5059.221,
5059.471,
5059.747,
5060.050,
5060.339,
5060.580,
5060.783,
5060.783,
5061.179,
5061.179,
5061.552,
5061.552,
5061.971,
5062.233,
5062.499,
5062.791,
5063.086,
