NO_OF_FRAMES,5716
NO_OF_DATA_TYPES,1
FREQUENCY,100
TIME_STAMP,"2023-11-29, 20:18:08"
DATA_INCLUDED,Distance Traveled
DATA_TYPES,left_elbow_Ldist_traveled


0.000,
0.000,
0.000,
0.215,
0.215,
0.215,
0.629,
0.919,
0.919,
0.919,
0.919,
0.919,
0.919,
0.919,
0.919,
0.919,
0.919,
0.919,
1.238,
1.238,
1.238,
1.238,
1.457,
1.457,
1.457,
1.457,
1.810,
1.810,
1.810,
1.810,
1.810,
1.810,
1.810,
2.066,
2.066,
2.066,
2.299,
2.299,
2.299,
2.583,
2.914,
2.914,
2.914,
3.223,
3.223,
3.223,
3.532,
3.532,
3.739,
3.739,
3.739,
3.983,
3.983,
3.983,
4.242,
4.242,
4.242,
4.242,
4.242,
4.242,
4.242,
4.443,
4.443,
4.443,
4.702,
4.702,
4.702,
5.030,
5.030,
5.249,
5.249,
5.540,
5.540,
5.858,
5.858,
6.123,
6.123,
6.427,
6.427,
6.770,
6.770,
7.103,
7.103,
7.456,
7.456,
7.807,
8.040,
8.273,
8.508,
8.768,
8.988,
9.195,
9.397,
9.687,
9.988,
10.248,
10.489,
10.710,
10.963,
11.177,
11.408,
11.770,
11.988,
11.988,
12.407,
12.618,
12.832,
13.075,
13.339,
13.572,
13.863,
14.218,
14.512,
14.823,
15.107,
15.373,
15.630,
15.901,
16.177,
16.510,
17.029,
17.459,
17.889,
18.368,
18.936,
19.545,
20.109,
20.669,
21.215,
21.814,
22.443,
23.096,
23.614,
24.169,
24.714,
25.223,
25.742,
26.194,
26.646,
26.960,
27.230,
27.482,
27.482,
27.831,
27.831,
28.220,
28.433,
28.673,
28.900,
29.154,
29.395,
29.637,
29.865,
30.112,
30.316,
30.573,
30.825,
31.068,
31.331,
31.580,
31.831,
32.106,
32.425,
32.757,
33.105,
33.449,
33.837,
34.223,
34.598,
34.900,
35.231,
35.536,
35.841,
36.138,
36.394,
36.600,
36.600,
36.944,
36.944,
37.145,
37.145,
37.145,
37.145,
37.145,
37.145,
37.145,
37.363,
37.363,
37.680,
37.680,
38.075,
38.311,
38.565,
38.812,
39.099,
39.358,
39.683,
40.022,
40.394,
40.821,
41.183,
41.539,
41.845,
42.148,
42.464,
42.803,
43.123,
43.408,
43.695,
43.938,
44.143,
44.143,
44.487,
44.487,
44.826,
44.826,
45.152,
45.152,
45.449,
45.449,
45.807,
45.807,
46.187,
46.405,
46.628,
46.870,
47.108,
47.389,
47.667,
48.009,
48.361,
48.810,
49.289,
49.783,
50.352,
50.940,
51.569,
52.177,
52.845,
53.511,
54.275,
54.998,
55.659,
56.387,
57.166,
57.884,
58.607,
59.351,
60.091,
60.794,
61.551,
62.393,
63.116,
63.803,
64.544,
65.310,
66.001,
66.658,
67.347,
68.093,
68.815,
69.470,
70.155,
70.919,
71.676,
72.378,
73.052,
73.826,
74.564,
75.259,
75.898,
76.690,
77.557,
78.291,
79.045,
79.860,
80.672,
81.426,
82.157,
82.951,
83.764,
84.537,
85.341,
86.165,
86.948,
87.734,
88.550,
89.311,
90.024,
90.849,
91.678,
92.408,
93.182,
93.978,
94.759,
95.599,
96.460,
97.253,
98.091,
98.993,
99.881,
100.696,
101.489,
102.344,
103.183,
104.016,
104.872,
105.667,
106.404,
107.222,
108.063,
108.855,
109.653,
110.476,
111.331,
112.112,
113.024,
113.859,
114.735,
115.580,
116.538,
117.320,
118.102,
118.983,
119.758,
120.454,
121.225,
122.079,
122.915,
123.786,
124.651,
125.499,
126.434,
127.337,
128.135,
129.127,
130.097,
130.971,
131.870,
132.785,
133.938,
134.922,
135.899,
136.846,
137.772,
138.862,
139.768,
140.811,
141.931,
142.994,
144.152,
145.152,
146.320,
147.427,
148.524,
149.652,
150.662,
151.791,
152.716,
153.725,
154.730,
155.720,
156.819,
157.792,
158.825,
159.811,
160.803,
161.897,
162.862,
163.805,
164.824,
165.765,
166.599,
167.384,
168.070,
168.841,
169.501,
169.892,
170.353,
170.809,
171.348,
171.849,
172.507,
173.083,
173.652,
174.298,
174.844,
175.831,
176.359,
177.134,
177.875,
178.571,
179.239,
179.955,
180.648,
181.341,
181.891,
182.618,
183.467,
184.303,
185.217,
186.416,
187.555,
188.837,
190.116,
191.519,
192.777,
194.096,
195.406,
196.625,
197.910,
198.913,
200.103,
201.097,
202.108,
203.077,
204.066,
205.067,
206.043,
207.109,
208.144,
209.252,
210.400,
211.524,
212.823,
213.840,
215.236,
216.395,
217.691,
218.975,
220.177,
221.497,
222.689,
223.953,
225.026,
226.117,
227.150,
228.164,
229.088,
229.989,
230.882,
231.704,
232.107,
233.446,
233.917,
234.528,
235.086,
235.708,
236.348,
236.918,
237.438,
237.928,
238.429,
238.986,
239.543,
240.115,
240.694,
241.380,
242.017,
242.730,
243.465,
244.233,
244.979,
245.792,
246.586,
247.331,
248.035,
248.765,
249.445,
250.129,
250.780,
251.376,
251.973,
252.517,
253.058,
253.615,
254.083,
254.531,
255.013,
255.479,
255.960,
256.436,
256.955,
257.538,
258.210,
258.877,
259.539,
260.235,
260.975,
261.704,
262.414,
263.073,
263.869,
264.482,
265.218,
265.740,
266.203,
266.601,
266.959,
267.308,
267.671,
268.051,
268.523,
268.943,
269.333,
269.724,
270.169,
270.912,
271.430,
271.967,
272.498,
273.098,
273.818,
274.605,
275.406,
276.181,
276.996,
277.934,
278.870,
279.780,
280.781,
281.751,
282.675,
283.750,
284.705,
285.621,
286.628,
287.687,
288.653,
289.822,
290.915,
292.119,
293.338,
294.564,
295.780,
297.061,
298.391,
299.704,
301.043,
302.202,
303.529,
304.752,
305.941,
307.144,
308.351,
309.529,
310.676,
311.898,
313.049,
314.237,
315.366,
316.554,
317.638,
318.559,
319.523,
320.381,
321.051,
321.689,
322.377,
322.963,
323.465,
323.940,
324.495,
325.062,
325.622,
326.234,
326.944,
327.639,
328.368,
329.157,
329.968,
330.822,
331.673,
332.621,
333.533,
334.472,
335.383,
336.428,
337.455,
338.490,
339.637,
340.681,
341.830,
342.911,
344.029,
345.095,
346.150,
347.242,
348.200,
349.251,
350.241,
351.199,
352.227,
353.131,
354.009,
354.940,
355.856,
356.752,
357.544,
358.342,
359.177,
359.943,
360.616,
361.347,
362.050,
362.733,
363.345,
363.952,
364.513,
365.040,
365.576,
366.064,
366.543,
366.921,
367.294,
367.611,
367.902,
368.155,
368.401,
368.646,
368.646,
368.997,
369.199,
369.433,
369.679,
369.943,
370.269,
370.572,
370.904,
371.264,
371.633,
372.001,
372.374,
372.775,
373.145,
373.608,
374.027,
374.421,
374.769,
375.115,
375.472,
375.802,
376.099,
376.379,
376.658,
376.911,
377.187,
377.466,
377.767,
378.063,
378.378,
378.660,
378.915,
379.185,
379.467,
379.696,
379.962,
380.191,
380.191,
380.541,
380.541,
380.904,
381.139,
381.433,
381.865,
382.241,
382.700,
383.144,
383.718,
384.342,
385.107,
385.844,
386.623,
387.446,
388.326,
389.316,
390.229,
391.134,
392.104,
392.998,
393.777,
394.570,
395.374,
396.095,
396.764,
397.362,
397.925,
398.435,
398.941,
399.436,
399.872,
400.292,
400.650,
401.011,
401.373,
401.763,
402.134,
402.557,
402.935,
403.313,
403.658,
404.057,
404.420,
404.784,
405.213,
405.704,
406.168,
406.623,
407.099,
407.557,
408.067,
408.531,
408.943,
409.298,
409.735,
410.174,
410.591,
410.986,
411.361,
411.801,
412.253,
412.627,
413.022,
413.375,
413.693,
414.053,
414.418,
414.743,
415.055,
415.403,
415.736,
416.064,
416.392,
416.718,
417.025,
417.320,
417.650,
418.049,
418.520,
419.095,
419.735,
420.409,
421.101,
421.879,
422.689,
423.523,
424.297,
425.099,
425.933,
426.704,
427.424,
428.100,
428.754,
429.338,
429.895,
430.462,
431.075,
431.583,
432.045,
432.434,
432.827,
433.147,
433.517,
433.793,
434.086,
434.389,
434.730,
435.064,
435.376,
435.713,
436.037,
436.293,
436.575,
436.830,
437.070,
437.296,
437.509,
437.709,
437.709,
438.111,
438.356,
438.623,
438.920,
439.241,
439.546,
439.891,
440.247,
440.642,
440.986,
441.315,
441.612,
441.874,
442.117,
442.377,
442.651,
442.931,
443.221,
443.538,
443.855,
444.166,
444.464,
444.822,
445.242,
445.648,
446.098,
446.580,
447.042,
447.543,
448.104,
448.686,
449.325,
449.919,
450.556,
451.265,
451.989,
452.657,
453.266,
453.962,
454.664,
455.338,
455.947,
456.494,
457.042,
457.608,
458.179,
458.643,
459.067,
459.450,
459.818,
460.127,
460.405,
460.676,
460.908,
461.117,
461.117,
461.471,
461.471,
461.711,
461.711,
461.946,
461.946,
462.234,
462.234,
462.603,
462.837,
463.136,
463.481,
463.911,
464.466,
465.135,
465.846,
466.467,
467.164,
468.002,
468.813,
469.585,
470.440,
471.285,
472.099,
472.958,
473.802,
474.648,
475.445,
476.258,
477.067,
477.851,
478.647,
479.479,
480.227,
480.965,
481.793,
482.604,
483.406,
484.197,
485.003,
485.789,
486.467,
487.161,
487.830,
488.440,
488.961,
489.428,
489.908,
490.320,
490.664,
491.005,
491.325,
491.591,
491.851,
492.151,
492.471,
492.805,
493.122,
493.412,
493.675,
493.960,
494.291,
494.612,
494.920,
495.234,
495.526,
495.773,
496.038,
496.336,
496.611,
496.895,
497.171,
497.464,
497.709,
497.989,
498.260,
498.572,
498.836,
499.096,
499.355,
499.575,
499.783,
499.783,
500.110,
500.110,
500.441,
500.441,
500.691,
500.691,
500.691,
500.691,
500.912,
500.912,
500.912,
501.124,
501.124,
501.410,
501.410,
501.874,
502.188,
502.536,
502.941,
503.323,
503.730,
504.140,
504.553,
504.979,
505.404,
505.762,
506.120,
506.516,
506.913,
507.248,
507.622,
508.031,
508.538,
508.998,
509.529,
510.085,
510.663,
511.281,
511.900,
512.523,
513.083,
513.606,
514.022,
514.334,
514.695,
515.009,
515.547,
515.835,
516.107,
516.407,
516.646,
516.880,
517.130,
517.421,
517.713,
518.049,
518.482,
518.888,
519.314,
519.734,
520.134,
520.580,
521.028,
521.460,
521.861,
522.254,
522.615,
522.911,
523.191,
523.458,
523.770,
524.112,
524.462,
524.852,
525.313,
525.831,
526.336,
527.009,
527.687,
528.289,
529.017,
529.743,
530.488,
531.199,
531.842,
532.573,
533.243,
533.866,
534.551,
535.238,
535.960,
536.647,
537.527,
538.423,
539.285,
540.155,
541.069,
542.045,
542.894,
543.837,
544.765,
545.688,
546.700,
547.643,
548.620,
549.649,
550.656,
551.680,
552.644,
553.569,
554.427,
555.321,
556.088,
556.757,
557.401,
557.958,
558.429,
558.818,
559.151,
559.412,
559.618,
559.618,
559.618,
559.618,
559.618,
559.618,
559.920,
560.162,
560.477,
560.816,
561.217,
561.660,
562.142,
562.614,
563.119,
563.652,
564.281,
564.915,
565.526,
566.140,
566.775,
567.472,
568.201,
568.855,
569.514,
570.248,
570.998,
571.685,
572.315,
572.934,
573.517,
574.134,
574.592,
575.006,
575.386,
575.761,
576.059,
576.325,
576.539,
576.756,
576.987,
576.987,
577.368,
577.612,
577.857,
578.081,
578.286,
578.502,
578.502,
578.900,
579.162,
579.458,
579.775,
580.119,
580.435,
580.794,
581.244,
581.756,
582.247,
582.723,
583.173,
583.676,
584.213,
584.810,
585.280,
585.743,
586.271,
586.813,
587.334,
587.815,
588.341,
588.880,
589.402,
589.938,
590.473,
591.011,
591.608,
592.144,
592.701,
593.213,
593.688,
594.157,
594.615,
595.048,
595.508,
595.896,
596.319,
596.712,
597.110,
597.536,
597.938,
598.289,
598.652,
599.066,
599.412,
599.828,
600.248,
600.710,
601.225,
601.717,
602.178,
602.830,
603.283,
603.719,
604.152,
604.631,
605.034,
605.376,
605.787,
606.231,
606.693,
607.131,
607.589,
608.024,
608.494,
608.986,
609.454,
609.865,
610.316,
610.781,
611.240,
611.705,
612.087,
612.454,
612.814,
613.220,
613.610,
614.000,
614.314,
614.596,
614.935,
615.255,
615.553,
615.852,
616.182,
616.455,
616.701,
616.948,
616.948,
617.268,
617.268,
617.522,
617.522,
617.802,
618.012,
618.273,
618.561,
618.949,
619.426,
619.969,
620.491,
621.054,
621.637,
622.261,
622.967,
623.686,
624.401,
625.073,
625.769,
626.592,
627.396,
628.114,
628.841,
629.577,
630.306,
630.995,
631.735,
632.458,
633.167,
633.812,
634.557,
635.313,
636.043,
636.728,
637.477,
638.204,
639.014,
639.786,
640.524,
641.240,
641.914,
642.523,
643.131,
643.666,
644.204,
644.636,
645.008,
645.302,
645.548,
645.548,
645.888,
645.888,
646.144,
646.144,
646.534,
646.794,
647.088,
647.432,
647.802,
648.227,
648.752,
649.230,
649.706,
650.146,
650.632,
651.206,
651.806,
652.453,
653.115,
653.731,
654.405,
655.179,
655.937,
656.689,
657.466,
658.331,
659.154,
659.947,
660.744,
661.466,
662.177,
662.861,
663.475,
664.047,
664.583,
665.057,
665.456,
665.818,
666.135,
666.428,
666.643,
666.643,
666.981,
666.981,
666.981,
667.238,
667.238,
667.238,
667.448,
667.448,
667.448,
667.713,
667.713,
667.713,
668.005,
668.005,
668.256,
668.256,
668.634,
668.634,
669.032,
669.280,
669.579,
669.807,
670.099,
670.397,
670.769,
671.169,
671.557,
671.883,
672.225,
672.543,
672.871,
673.259,
673.624,
673.954,
674.253,
674.539,
674.787,
675.036,
675.312,
675.571,
675.792,
676.043,
676.249,
676.249,
676.597,
676.597,
676.906,
676.906,
677.238,
677.238,
677.671,
677.886,
677.886,
678.281,
678.533,
678.533,
678.894,
678.894,
679.254,
679.254,
679.583,
679.583,
679.911,
679.911,
680.235,
680.235,
680.581,
680.786,
681.011,
681.297,
681.614,
681.944,
682.276,
682.608,
682.961,
683.318,
683.694,
684.032,
684.407,
684.746,
685.119,
685.515,
685.902,
686.267,
686.652,
687.053,
687.482,
687.938,
688.410,
688.810,
689.196,
689.583,
689.962,
690.369,
690.728,
691.038,
691.323,
691.623,
691.960,
692.301,
692.628,
692.915,
693.144,
693.383,
693.617,
693.841,
694.110,
694.377,
694.656,
694.864,
695.073,
695.274,
695.274,
695.274,
695.477,
695.477,
695.769,
695.769,
696.227,
696.565,
696.844,
697.191,
697.616,
698.050,
698.496,
698.927,
699.350,
699.818,
700.297,
700.770,
701.261,
701.741,
702.234,
702.749,
703.244,
703.756,
704.239,
704.721,
705.211,
705.712,
706.199,
706.656,
707.084,
707.547,
707.982,
708.469,
708.917,
709.336,
709.737,
710.075,
710.461,
710.882,
711.257,
711.593,
711.934,
712.215,
712.416,
712.416,
712.748,
712.748,
712.748,
712.748,
712.748,
712.748,
712.978,
712.978,
713.348,
713.574,
713.842,
714.169,
714.527,
714.896,
715.309,
715.667,
716.030,
716.462,
716.946,
717.498,
718.050,
718.590,
719.168,
719.787,
720.477,
721.167,
721.863,
722.609,
723.383,
724.144,
724.949,
725.737,
726.541,
727.368,
728.197,
729.027,
729.757,
730.571,
731.421,
732.282,
733.016,
733.828,
734.644,
735.421,
736.133,
736.875,
737.607,
738.222,
738.785,
739.352,
739.934,
740.429,
740.900,
741.313,
741.641,
741.982,
742.337,
742.677,
743.035,
743.351,
743.677,
744.006,
744.341,
744.682,
745.000,
745.287,
745.542,
745.750,
745.969,
745.969,
746.314,
746.314,
746.557,
746.557,
746.864,
746.864,
747.263,
747.485,
747.714,
747.960,
748.205,
748.500,
748.810,
749.096,
749.388,
749.621,
749.857,
750.117,
750.383,
750.653,
750.899,
751.146,
751.396,
751.396,
751.791,
752.007,
752.224,
752.224,
752.627,
752.627,
752.980,
752.980,
753.295,
753.295,
753.593,
753.593,
753.925,
753.925,
754.326,
754.557,
754.843,
755.185,
755.501,
755.868,
756.245,
756.601,
756.994,
757.371,
757.721,
758.107,
758.466,
758.829,
759.162,
759.462,
759.787,
760.109,
760.396,
760.396,
760.712,
760.959,
761.204,
761.434,
761.434,
762.101,
762.321,
762.567,
762.820,
763.117,
763.369,
763.637,
763.889,
764.099,
764.099,
764.435,
764.435,
764.435,
764.725,
764.725,
764.956,
764.956,
765.251,
765.251,
765.620,
765.827,
766.061,
766.333,
766.654,
766.979,
767.300,
767.594,
767.909,
768.260,
768.646,
769.062,
769.471,
769.885,
770.295,
770.664,
771.091,
771.645,
772.149,
772.682,
773.180,
773.723,
774.313,
774.933,
775.603,
776.207,
776.913,
777.592,
778.229,
778.812,
779.418,
780.066,
780.661,
781.174,
781.704,
782.243,
782.747,
783.205,
783.671,
784.102,
784.480,
784.854,
785.183,
785.478,
785.807,
786.053,
786.274,
786.274,
786.624,
786.624,
786.841,
786.841,
787.072,
787.072,
787.332,
787.332,
787.720,
787.956,
788.208,
788.511,
788.806,
789.118,
789.487,
789.905,
790.325,
790.805,
791.223,
791.627,
792.016,
792.410,
792.847,
793.258,
793.637,
794.048,
794.425,
794.776,
795.124,
795.480,
795.878,
796.225,
796.615,
796.973,
797.299,
797.584,
797.878,
798.200,
798.555,
798.897,
799.162,
799.421,
799.677,
799.890,
799.890,
800.236,
800.236,
800.532,
800.532,
800.769,
800.769,
801.072,
801.072,
801.379,
801.379,
801.731,
801.731,
802.048,
802.048,
802.383,
802.383,
802.733,
802.933,
803.135,
803.348,
803.550,
803.550,
803.978,
803.978,
804.342,
804.342,
804.704,
804.704,
805.074,
805.074,
805.478,
805.681,
805.923,
806.168,
806.417,
806.655,
806.893,
806.893,
807.323,
807.573,
807.819,
808.056,
808.292,
808.548,
808.834,
809.068,
809.338,
809.592,
809.838,
810.102,
810.349,
810.608,
810.889,
811.114,
811.415,
811.675,
811.909,
812.162,
812.419,
812.668,
812.928,
813.189,
813.502,
813.804,
814.101,
814.437,
814.771,
815.074,
815.352,
815.648,
815.870,
816.114,
816.364,
816.633,
816.902,
816.902,
817.274,
817.606,
817.975,
818.313,
818.605,
818.949,
819.544,
819.932,
820.285,
820.622,
820.949,
821.256,
821.597,
821.988,
822.295,
822.614,
822.953,
823.253,
823.564,
823.885,
824.214,
824.555,
824.866,
825.171,
825.430,
825.764,
826.079,
826.407,
826.698,
826.994,
827.359,
827.711,
828.021,
828.322,
828.600,
828.914,
829.216,
829.587,
829.995,
830.360,
830.745,
831.163,
831.627,
832.027,
832.458,
832.901,
833.332,
833.749,
834.176,
834.616,
835.166,
835.737,
836.247,
836.712,
837.222,
837.725,
838.239,
838.692,
839.100,
839.459,
839.849,
840.244,
840.600,
840.956,
841.376,
841.805,
842.198,
842.590,
842.978,
843.433,
843.920,
844.412,
844.852,
845.238,
845.614,
845.971,
846.316,
846.635,
846.898,
847.109,
847.109,
847.349,
847.349,
847.349,
847.609,
847.609,
848.045,
848.315,
848.610,
848.920,
849.224,
849.505,
849.818,
850.150,
850.508,
850.904,
851.331,
851.760,
852.181,
852.625,
853.109,
853.657,
854.207,
854.866,
855.541,
856.263,
857.010,
857.763,
858.460,
859.249,
860.001,
860.711,
861.426,
862.156,
862.914,
863.497,
864.089,
864.723,
865.327,
865.906,
866.492,
867.091,
867.701,
868.285,
868.846,
869.381,
869.899,
870.434,
870.960,
871.442,
871.864,
872.242,
872.643,
872.907,
873.174,
873.413,
873.659,
873.659,
874.138,
874.341,
874.341,
874.738,
874.738,
875.174,
875.405,
875.628,
875.888,
876.137,
876.377,
876.607,
876.880,
877.209,
877.595,
877.999,
878.396,
878.777,
879.136,
879.491,
879.829,
880.148,
880.462,
880.807,
881.146,
881.433,
881.716,
881.960,
882.179,
882.400,
882.606,
882.842,
883.082,
883.342,
883.598,
883.885,
884.121,
884.334,
884.542,
884.542,
884.889,
884.889,
885.238,
885.238,
885.443,
885.443,
885.443,
885.674,
885.674,
886.035,
886.035,
886.432,
886.660,
886.946,
887.331,
887.742,
888.200,
888.621,
889.083,
889.600,
890.137,
890.710,
891.250,
891.781,
892.269,
892.713,
893.250,
893.787,
894.212,
894.689,
895.196,
895.719,
896.269,
896.726,
897.153,
897.581,
897.954,
898.394,
898.744,
899.063,
899.361,
899.601,
899.840,
900.087,
900.334,
900.608,
900.866,
901.095,
901.350,
901.552,
901.552,
901.910,
901.910,
902.348,
902.595,
902.892,
903.219,
903.577,
903.990,
904.417,
904.830,
905.269,
905.770,
906.225,
906.695,
907.178,
907.668,
908.148,
908.670,
909.214,
909.742,
910.256,
910.776,
911.278,
911.814,
912.327,
912.807,
913.265,
913.730,
914.266,
914.815,
915.302,
915.787,
916.187,
916.634,
917.128,
917.627,
918.100,
918.494,
918.847,
919.151,
919.481,
919.794,
920.095,
920.340,
920.545,
920.757,
920.757,
921.118,
921.118,
921.118,
921.118,
921.348,
921.348,
921.348,
921.646,
921.646,
921.992,
922.236,
922.520,
922.819,
923.184,
923.596,
924.016,
924.484,
924.935,
925.494,
926.029,
926.607,
927.183,
927.787,
928.451,
929.146,
929.954,
930.827,
931.635,
932.491,
933.414,
934.338,
935.315,
936.273,
937.194,
938.103,
939.115,
939.978,
940.822,
941.706,
942.485,
943.244,
944.002,
944.778,
945.511,
946.205,
946.906,
947.599,
948.171,
948.691,
949.164,
949.647,
950.161,
950.687,
951.209,
951.636,
952.058,
952.447,
952.808,
953.177,
953.573,
953.954,
954.316,
954.638,
954.916,
955.258,
955.530,
955.738,
955.952,
956.194,
956.194,
956.587,
956.827,
957.082,
957.320,
957.649,
958.001,
958.352,
958.672,
958.955,
959.268,
959.544,
959.765,
959.988,
959.988,
960.394,
960.394,
960.714,
960.965,
960.965,
961.372,
961.623,
961.907,
962.126,
962.353,
962.800,
963.074,
963.321,
963.558,
963.794,
964.025,
964.025,
964.318,
964.318,
964.549,
964.549,
964.825,
964.825,
965.126,
965.126,
965.490,
965.715,
965.924,
966.153,
966.357,
966.636,
966.913,
967.166,
967.433,
967.760,
968.113,
968.516,
968.936,
969.313,
969.700,
970.057,
970.057,
970.688,
971.162,
971.617,
972.079,
972.506,
973.058,
973.680,
974.301,
975.029,
975.573,
976.103,
976.727,
977.349,
977.954,
978.496,
979.128,
979.753,
980.379,
980.976,
981.523,
982.107,
982.649,
983.144,
983.684,
984.209,
984.700,
985.228,
985.758,
986.308,
986.845,
987.379,
987.881,
988.486,
989.026,
989.554,
990.158,
990.703,
991.263,
991.805,
992.406,
992.952,
993.548,
994.175,
994.731,
995.257,
995.838,
996.444,
997.002,
997.616,
998.112,
998.614,
999.142,
999.630,
1000.031,
1000.416,
1000.736,
1001.061,
1001.347,
1001.593,
1001.824,
1002.063,
1002.063,
1002.417,
1002.631,
1002.631,
1002.910,
1002.910,
1003.161,
1003.161,
1003.400,
1003.400,
1003.622,
1003.622,
1003.832,
1003.832,
1004.223,
1004.223,
1004.635,
1004.885,
1005.148,
1005.467,
1005.783,
1006.119,
1006.421,
1006.769,
1007.127,
1007.470,
1007.835,
1008.180,
1008.529,
1008.919,
1009.330,
1009.806,
1010.346,
1010.901,
1011.478,
1012.051,
1012.718,
1013.444,
1014.160,
1014.900,
1015.710,
1016.483,
1017.293,
1018.131,
1018.996,
1019.796,
1020.595,
1021.481,
1022.337,
1023.117,
1023.946,
1024.805,
1025.588,
1026.343,
1027.194,
1028.007,
1028.717,
1029.443,
1030.116,
1030.782,
1031.418,
1032.023,
1032.661,
1033.287,
1033.825,
1034.263,
1034.668,
1035.021,
1035.417,
1035.762,
1036.119,
1036.442,
1036.761,
1037.046,
1037.312,
1037.591,
1037.883,
1038.178,
1038.523,
1038.822,
1039.193,
1039.468,
1039.782,
1040.066,
1040.340,
1040.644,
1040.999,
1041.366,
1041.699,
1042.011,
1042.322,
1042.588,
1042.865,
1043.128,
1043.527,
1043.884,
1044.284,
1044.691,
1045.156,
1045.602,
1045.999,
1046.392,
1046.813,
1047.207,
1047.594,
1047.978,
1048.333,
1048.632,
1048.886,
1049.143,
1049.364,
1049.364,
1049.721,
1049.721,
1050.010,
1050.010,
1050.276,
1050.276,
1050.610,
1050.610,
1050.939,
1051.147,
1051.147,
1051.530,
1051.749,
1051.969,
1052.192,
1052.526,
1052.842,
1053.147,
1053.453,
1053.813,
1054.198,
1054.587,
1054.966,
1055.358,
1055.730,
1056.064,
1056.404,
1056.776,
1057.173,
1057.447,
1057.733,
1058.078,
1058.432,
1058.750,
1059.140,
1059.558,
1059.945,
1060.315,
1060.678,
1061.055,
1061.469,
1061.896,
1062.299,
1062.732,
1063.161,
1063.527,
1063.880,
1064.245,
1064.634,
1065.047,
1065.465,
1065.859,
1066.213,
1066.538,
1066.886,
1067.254,
1067.670,
1068.069,
1068.478,
1068.830,
1069.197,
1069.491,
1069.838,
1070.185,
1070.568,
1070.957,
1071.344,
1071.792,
1072.209,
1072.567,
1072.965,
1073.329,
1073.771,
1074.244,
1074.610,
1074.997,
1075.462,
1075.893,
1076.341,
1076.758,
1077.253,
1077.703,
1078.163,
1078.653,
1079.182,
1079.767,
1080.353,
1080.937,
1081.583,
1082.147,
1082.696,
1083.247,
1083.726,
1084.263,
1084.728,
1085.169,
1085.581,
1085.985,
1086.364,
1086.706,
1087.021,
1087.303,
1087.563,
1087.793,
1087.996,
1087.996,
1088.364,
1088.364,
1088.610,
1088.610,
1088.610,
1088.610,
1088.610,
1088.827,
1088.827,
1089.251,
1089.527,
1089.841,
1090.163,
1090.543,
1090.976,
1091.455,
1091.948,
1092.474,
1093.010,
1093.513,
1094.147,
1094.835,
1095.471,
1096.121,
1096.888,
1097.664,
1098.455,
1099.293,
1100.215,
1101.028,
1101.814,
1102.746,
1103.612,
1104.409,
1105.288,
1106.148,
1106.960,
1107.762,
1108.552,
1109.236,
1109.865,
1110.564,
1111.230,
1111.855,
1112.374,
1112.942,
1113.494,
1114.075,
1114.634,
1115.128,
1115.630,
1116.125,
1116.571,
1116.980,
1117.339,
1117.719,
1118.120,
1118.488,
1118.804,
1119.132,
1119.384,
1119.613,
1119.856,
1120.094,
1120.323,
1120.579,
1120.783,
1121.035,
1121.258,
1121.507,
1121.755,
1121.970,
1122.176,
1122.176,
1122.613,
1122.862,
1123.085,
1123.338,
1123.581,
1123.850,
1124.130,
1124.418,
1124.732,
1125.068,
1125.367,
1125.613,
1125.868,
1126.085,
1126.323,
1126.556,
1126.864,
1127.186,
1127.492,
1127.791,
1128.099,
1128.425,
1128.733,
1129.095,
1129.463,
1129.833,
1130.147,
1130.481,
1130.779,
1131.087,
1131.406,
1131.685,
1132.011,
1132.276,
1132.276,
1132.664,
1132.664,
1132.982,
1132.982,
1133.212,
1133.212,
1133.431,
1133.431,
1133.431,
1133.681,
1133.681,
1133.959,
1133.959,
1134.297,
1134.511,
1134.754,
1135.043,
1135.437,
1135.934,
1136.342,
1136.785,
1137.271,
1137.840,
1138.406,
1138.913,
1139.442,
1140.068,
1140.650,
1141.166,
1141.720,
1142.373,
1142.974,
1143.457,
1144.305,
1144.949,
1145.463,
1146.027,
1146.629,
1147.183,
1147.641,
1148.081,
1148.563,
1148.997,
1149.372,
1149.675,
1149.917,
1150.144,
1150.144,
1150.491,
1150.491,
1150.811,
1150.811,
1151.189,
1151.394,
1151.626,
1151.938,
1152.316,
1152.741,
1153.157,
1153.628,
1154.132,
1154.621,
1155.168,
1155.737,
1156.282,
1156.827,
1157.339,
1157.912,
1158.557,
1159.147,
1159.738,
1160.319,
1160.875,
1161.446,
1162.100,
1162.756,
1163.414,
1164.014,
1164.604,
1165.218,
1165.893,
1166.482,
1167.017,
1167.528,
1167.999,
1168.517,
1169.027,
1169.497,
1169.972,
1170.391,
1170.905,
1171.368,
1171.805,
1172.294,
1172.858,
1173.441,
1174.021,
1174.537,
1175.071,
1175.574,
1176.055,
1176.480,
1176.830,
1177.188,
1177.536,
1177.831,
1178.097,
1178.330,
1178.538,
1178.538,
1178.903,
1178.903,
1179.201,
1179.201,
1179.552,
1179.552,
1179.854,
1180.060,
1180.060,
1180.431,
1180.658,
1180.658,
1181.080,
1181.327,
1181.621,
1182.014,
1182.451,
1182.873,
1183.300,
1183.766,
1184.233,
1184.763,
1185.368,
1185.962,
1186.463,
1186.966,
1187.513,
1188.056,
1188.661,
1189.277,
1189.844,
1190.398,
1191.018,
1191.631,
1192.214,
1192.762,
1193.334,
1193.863,
1194.406,
1194.853,
1195.277,
1195.681,
1196.080,
1196.502,
1196.912,
1197.288,
1197.652,
1197.988,
1198.336,
1198.649,
1198.970,
1199.291,
1199.606,
1199.905,
1200.176,
1200.438,
1200.666,
1200.916,
1200.916,
1201.311,
1201.311,
1201.602,
1201.602,
1201.839,
1201.839,
1201.839,
1202.049,
1202.049,
1202.049,
1202.049,
1202.317,
1202.317,
1202.317,
1202.570,
1202.570,
1202.570,
1202.570,
1202.570,
1202.802,
1202.802,
1203.057,
1203.057,
1203.331,
1203.331,
1203.683,
1203.683,
1203.991,
1203.991,
1204.290,
1204.290,
1204.545,
1204.545,
1204.812,
1204.812,
1205.030,
1205.030,
1205.030,
1205.279,
1205.279,
1205.279,
1205.618,
1205.618,
1205.935,
1205.935,
1206.273,
1206.474,
1206.701,
1206.987,
1207.295,
1207.653,
1208.063,
1208.515,
1209.004,
1209.511,
1210.021,
1210.495,
1210.906,
1211.304,
1211.727,
1212.214,
1212.670,
1213.159,
1213.667,
1214.190,
1214.717,
1215.288,
1215.840,
1216.375,
1216.844,
1217.322,
1217.845,
1218.358,
1218.810,
1219.267,
1219.706,
1220.146,
1220.594,
1221.050,
1221.552,
1222.007,
1222.472,
1222.931,
1223.452,
1223.991,
1224.494,
1224.986,
1225.456,
1225.924,
1226.543,
1227.209,
1227.887,
1228.448,
1229.119,
1229.749,
1230.390,
1231.011,
1231.627,
1232.312,
1233.011,
1233.631,
1234.289,
1234.901,
1235.539,
1236.160,
1236.931,
1237.686,
1238.365,
1238.965,
1239.640,
1240.354,
1241.111,
1241.803,
1242.474,
1243.237,
1243.903,
1244.521,
1245.213,
1245.904,
1246.559,
1247.143,
1247.745,
1248.360,
1249.055,
1249.658,
1250.259,
1250.953,
1251.620,
1252.217,
1252.829,
1253.505,
1254.212,
1254.796,
1255.344,
1255.922,
1256.519,
1257.047,
1257.526,
1257.982,
1258.380,
1258.830,
1259.231,
1259.600,
1259.959,
1260.238,
1260.474,
1260.709,
1260.709,
1261.077,
1261.077,
1261.330,
1261.330,
1261.330,
1261.535,
1261.535,
1261.821,
1261.821,
1262.264,
1262.572,
1262.959,
1263.353,
1263.780,
1264.270,
1264.768,
1265.322,
1265.906,
1266.528,
1267.178,
1267.885,
1268.640,
1269.444,
1270.239,
1271.136,
1272.083,
1273.007,
1274.070,
1275.095,
1276.116,
1277.295,
1278.381,
1279.551,
1280.615,
1281.721,
1282.910,
1283.948,
1285.058,
1286.127,
1287.213,
1288.276,
1289.248,
1290.350,
1291.428,
1292.375,
1293.413,
1294.391,
1295.315,
1296.178,
1297.067,
1297.913,
1298.709,
1299.474,
1300.184,
1300.814,
1301.444,
1301.992,
1302.462,
1302.854,
1303.185,
1303.475,
1303.753,
1304.027,
1304.275,
1304.510,
1304.727,
1304.727,
1305.076,
1305.076,
1305.287,
1305.287,
1305.287,
1305.287,
1305.566,
1305.566,
1305.876,
1306.084,
1306.317,
1306.559,
1306.821,
1307.063,
1307.416,
1307.784,
1308.183,
1308.646,
1309.123,
1309.648,
1310.172,
1310.784,
1311.516,
1312.116,
1312.775,
1313.410,
1313.966,
1314.526,
1315.131,
1315.801,
1316.408,
1317.025,
1317.625,
1318.215,
1318.710,
1319.269,
1319.845,
1320.457,
1321.101,
1321.700,
1322.470,
1322.972,
1323.506,
1323.926,
1324.384,
1324.824,
1325.286,
1325.929,
1326.493,
1327.068,
1327.636,
1328.215,
1328.851,
1329.584,
1330.358,
1331.046,
1331.735,
1332.539,
1333.376,
1334.209,
1335.036,
1336.015,
1336.885,
1337.889,
1338.784,
1339.616,
1340.626,
1341.405,
1342.058,
1342.708,
1343.395,
1343.924,
1344.370,
1344.745,
1345.062,
1345.313,
1345.546,
1345.754,
1345.754,
1346.082,
1346.082,
1346.338,
1346.338,
1346.561,
1346.561,
1346.875,
1347.124,
1347.409,
1347.790,
1348.340,
1349.017,
1349.779,
1350.769,
1351.763,
1353.009,
1354.203,
1355.623,
1357.506,
1358.880,
1360.243,
1361.589,
1362.803,
1363.998,
1364.996,
1365.994,
1367.099,
1368.084,
1369.186,
1370.447,
1371.796,
1373.381,
1375.061,
1376.880,
1378.902,
1381.192,
1383.586,
1386.322,
1389.565,
1392.602,
1395.825,
1399.137,
1402.632,
1406.142,
1409.932,
1413.583,
1417.333,
1421.044,
1424.911,
1428.573,
1432.285,
1435.984,
1439.642,
1443.228,
1446.644,
1449.892,
1452.965,
1456.016,
1458.903,
1461.642,
1464.424,
1467.070,
1469.551,
1471.911,
1474.107,
1475.962,
1477.303,
1478.506,
1479.749,
1481.222,
1482.916,
1484.736,
1486.309,
1488.180,
1490.214,
1492.420,
1494.864,
1497.385,
1499.780,
1501.723,
1503.629,
1505.733,
1507.109,
1508.141,
1509.223,
1510.832,
1511.995,
1512.787,
1513.806,
1514.732,
1515.737,
1516.897,
1518.324,
1520.034,
1522.057,
1524.374,
1526.589,
1528.831,
1531.110,
1533.401,
1535.649,
1537.750,
1539.741,
1541.663,
1543.481,
1545.121,
1546.505,
1548.638,
1549.729,
1550.625,
1551.658,
1552.385,
1553.295,
1554.128,
1555.215,
1556.353,
1557.240,
1558.313,
1559.212,
1560.170,
1561.006,
1561.854,
1562.723,
1563.433,
1564.317,
1565.057,
1565.856,
1566.570,
1567.252,
1567.878,
1568.777,
1570.094,
1570.942,
1571.826,
1572.796,
1573.731,
1574.858,
1576.321,
1577.971,
1579.978,
1582.125,
1584.448,
1586.833,
1589.233,
1591.653,
1593.943,
1596.162,
1598.290,
1600.547,
1602.908,
1605.523,
1608.930,
1610.922,
1613.691,
1616.414,
1619.316,
1622.621,
1625.199,
1627.609,
1629.832,
1631.914,
1633.943,
1635.891,
1637.728,
1639.614,
1641.395,
1643.374,
1645.219,
1646.962,
1648.646,
1650.103,
1651.516,
1652.721,
1653.786,
1654.658,
1655.331,
1655.853,
1656.140,
1656.477,
1656.818,
1657.271,
1657.711,
1658.215,
1658.899,
1659.581,
1660.371,
1661.198,
1662.051,
1663.065,
1663.904,
1664.792,
1665.694,
1666.466,
1667.333,
1668.181,
1669.093,
1669.979,
1670.929,
1671.955,
1672.950,
1673.906,
1674.953,
1675.966,
1676.957,
1677.930,
1678.809,
1679.582,
1680.162,
1680.811,
1681.443,
1681.917,
1682.310,
1682.679,
1683.002,
1683.291,
1683.524,
1683.726,
1683.986,
1684.350,
1684.858,
1685.596,
1686.408,
1687.343,
1688.320,
1689.281,
1690.240,
1690.963,
1691.635,
1692.271,
1692.907,
1693.540,
1694.196,
1694.822,
1695.507,
1696.191,
1696.880,
1697.762,
1698.740,
1699.762,
1701.129,
1702.557,
1704.125,
1705.944,
1707.643,
1709.538,
1711.344,
1713.121,
1714.894,
1716.705,
1718.569,
1720.278,
1722.007,
1723.777,
1725.511,
1727.094,
1728.689,
1730.137,
1731.577,
1732.971,
1734.236,
1735.570,
1736.928,
1738.330,
1739.676,
1741.138,
1742.757,
1744.516,
1746.441,
1748.556,
1750.946,
1753.499,
1756.298,
1759.273,
1762.582,
1765.966,
1769.622,
1773.430,
1777.544,
1781.675,
1786.016,
1790.445,
1795.020,
1799.608,
1804.219,
1808.681,
1812.987,
1817.117,
1821.068,
1824.830,
1828.363,
1831.547,
1834.450,
1837.034,
1839.323,
1841.230,
1842.706,
1843.842,
1844.627,
1844.990,
1845.241,
1845.825,
1846.719,
1847.965,
1849.526,
1851.419,
1853.555,
1855.967,
1858.612,
1861.421,
1864.474,
1867.553,
1870.853,
1874.248,
1877.601,
1881.009,
1884.373,
1887.721,
1891.011,
1894.213,
1897.357,
1900.437,
1903.379,
1906.183,
1908.767,
1911.312,
1913.612,
1915.823,
1917.982,
1920.021,
1921.971,
1923.612,
1925.155,
1926.754,
1927.999,
1929.312,
1930.518,
1931.813,
1932.999,
1933.996,
1935.127,
1936.213,
1937.295,
1938.415,
1939.522,
1940.613,
1941.509,
1942.370,
1943.241,
1944.199,
1945.137,
1945.987,
1946.840,
1947.711,
1948.495,
1949.234,
1950.141,
1951.074,
1951.983,
1953.005,
1953.930,
1954.797,
1955.636,
1956.454,
1957.462,
1958.283,
1959.172,
1960.072,
1960.889,
1961.626,
1962.547,
1963.426,
1964.282,
1965.027,
1965.705,
1966.268,
1966.863,
1967.377,
1967.828,
1968.208,
1968.617,
1969.028,
1969.385,
1969.694,
1970.006,
1970.329,
1970.581,
1970.800,
1971.016,
1971.297,
1971.600,
1971.853,
1972.123,
1972.362,
1972.577,
1972.792,
1973.045,
1973.369,
1973.760,
1974.105,
1974.423,
1974.771,
1975.117,
1975.430,
1976.073,
1976.533,
1977.025,
1977.592,
1978.112,
1978.833,
1979.415,
1980.012,
1980.693,
1981.412,
1982.058,
1982.894,
1983.587,
1984.183,
1984.773,
1985.234,
1985.663,
1986.071,
1986.410,
1986.745,
1987.118,
1987.497,
1987.818,
1988.131,
1988.446,
1988.731,
1989.077,
1989.493,
1989.946,
1990.350,
1990.684,
1991.061,
1991.521,
1992.009,
1992.495,
1993.008,
1993.669,
1994.603,
1995.597,
1996.770,
1997.886,
1999.021,
2000.028,
2001.106,
2002.254,
2003.436,
2004.616,
2006.093,
2007.308,
2008.614,
2009.716,
2010.841,
2011.852,
2012.971,
2013.989,
2015.079,
2016.138,
2017.215,
2018.203,
2019.144,
2020.146,
2021.066,
2021.877,
2022.642,
2023.475,
2024.367,
2025.408,
2026.444,
2027.364,
2028.356,
2029.326,
2030.325,
2031.306,
2032.535,
2033.705,
2035.054,
2036.418,
2037.857,
2039.369,
2040.906,
2042.853,
2044.699,
2046.457,
2048.516,
2050.861,
2053.187,
2055.595,
2058.120,
2060.750,
2063.419,
2066.170,
2068.938,
2071.755,
2074.599,
2077.381,
2080.255,
2083.002,
2085.707,
2088.357,
2090.839,
2093.234,
2095.428,
2097.499,
2099.243,
2100.911,
2102.298,
2103.512,
2104.440,
2105.100,
2105.566,
2105.785,
2106.092,
2106.540,
2107.153,
2108.036,
2109.129,
2110.259,
2111.603,
2112.939,
2114.491,
2116.045,
2117.654,
2119.330,
2120.969,
2122.746,
2124.357,
2126.131,
2127.801,
2129.601,
2131.304,
2133.130,
2134.930,
2136.689,
2138.446,
2140.235,
2142.066,
2143.731,
2145.352,
2147.204,
2148.632,
2150.069,
2151.421,
2152.737,
2154.123,
2155.371,
2156.594,
2157.654,
2158.623,
2159.634,
2160.536,
2161.465,
2162.261,
2163.072,
2163.943,
2164.705,
2165.331,
2165.900,
2166.445,
2166.960,
2167.369,
2167.747,
2168.038,
2168.345,
2168.769,
2169.308,
2169.868,
2170.547,
2171.199,
2171.908,
2172.588,
2173.382,
2174.347,
2175.223,
2176.128,
2177.072,
2177.986,
2179.059,
2180.153,
2181.273,
2182.382,
2183.481,
2184.434,
2185.368,
2186.308,
2187.091,
2187.795,
2188.651,
2189.388,
2190.118,
2190.790,
2191.340,
2191.934,
2192.543,
2193.101,
2193.590,
2194.037,
2194.469,
2194.933,
2195.401,
2195.723,
2196.105,
2196.546,
2197.009,
2197.508,
2197.989,
2198.498,
2199.012,
2199.628,
2200.209,
2200.658,
2201.045,
2201.458,
2202.146,
2202.519,
2203.222,
2203.779,
2204.369,
2205.022,
2205.753,
2206.464,
2207.239,
2208.168,
2209.029,
2210.008,
2210.962,
2211.975,
2212.879,
2213.633,
2214.453,
2215.120,
2215.673,
2216.195,
2216.537,
2216.824,
2217.124,
2217.575,
2218.155,
2218.886,
2219.757,
2220.617,
2221.650,
2222.606,
2223.735,
2224.973,
2226.183,
2227.485,
2228.922,
2230.434,
2231.889,
2233.386,
2235.035,
2236.555,
2237.957,
2239.478,
2241.069,
2242.536,
2244.015,
2245.425,
2246.693,
2247.940,
2249.075,
2250.358,
2251.513,
2252.716,
2253.872,
2254.846,
2255.809,
2256.627,
2257.360,
2258.075,
2258.835,
2259.579,
2260.313,
2261.200,
2262.174,
2263.204,
2264.347,
2265.489,
2266.712,
2267.824,
2269.047,
2270.550,
2271.959,
2273.422,
2275.035,
2276.605,
2278.352,
2280.420,
2282.327,
2284.204,
2286.233,
2288.443,
2290.420,
2292.469,
2294.643,
2296.825,
2298.920,
2300.935,
2302.952,
2304.849,
2306.735,
2308.395,
2310.030,
2311.504,
2312.806,
2314.082,
2315.112,
2316.033,
2316.733,
2317.424,
2317.917,
2318.352,
2318.715,
2319.121,
2319.673,
2320.341,
2321.005,
2321.746,
2322.760,
2323.710,
2324.759,
2325.895,
2327.151,
2328.317,
2329.605,
2330.748,
2331.996,
2333.201,
2334.399,
2335.655,
2337.006,
2338.308,
2339.718,
2341.069,
2342.565,
2344.045,
2345.728,
2347.343,
2348.955,
2350.616,
2352.158,
2353.673,
2355.073,
2356.534,
2357.857,
2359.192,
2360.438,
2361.648,
2362.696,
2363.651,
2364.546,
2365.348,
2366.110,
2366.882,
2367.559,
2368.209,
2368.858,
2369.495,
2370.190,
2370.684,
2371.339,
2371.880,
2372.588,
2372.996,
2373.458,
2374.015,
2374.580,
2375.068,
2375.708,
2376.360,
2377.041,
2377.723,
2378.584,
2379.497,
2380.494,
2381.504,
2382.721,
2384.260,
2385.627,
2386.953,
2388.284,
2389.429,
2390.652,
2391.717,
2392.823,
2393.857,
2394.997,
2395.986,
2396.943,
2397.890,
2398.740,
2399.559,
2400.308,
2400.884,
2401.492,
2402.053,
2402.584,
2403.031,
2403.422,
2403.837,
2404.267,
2404.681,
2405.102,
2405.560,
2406.183,
2406.825,
2407.361,
2407.897,
2408.520,
2409.081,
2409.622,
2410.120,
2410.540,
2410.870,
2411.220,
2411.547,
2411.852,
2412.181,
2412.545,
2412.926,
2413.392,
2414.010,
2414.737,
2415.506,
2416.247,
2417.337,
2418.240,
2418.986,
2419.551,
2420.371,
2421.010,
2421.479,
2421.905,
2422.383,
2422.942,
2423.547,
2424.178,
2424.960,
2425.783,
2426.747,
2427.585,
2428.627,
2429.649,
2430.796,
2431.974,
2433.287,
2434.490,
2435.707,
2436.958,
2438.201,
2439.482,
2440.799,
2442.128,
2443.482,
2444.898,
2446.273,
2447.702,
2449.128,
2450.450,
2451.877,
2453.189,
2454.438,
2455.629,
2456.735,
2457.775,
2458.822,
2459.888,
2460.868,
2461.913,
2463.188,
2464.366,
2465.877,
2467.253,
2468.826,
2470.382,
2471.993,
2473.904,
2475.754,
2477.656,
2479.470,
2481.407,
2483.512,
2485.515,
2487.558,
2489.722,
2491.984,
2494.320,
2496.714,
2499.089,
2501.696,
2504.206,
2506.745,
2509.272,
2511.742,
2514.046,
2516.318,
2518.390,
2520.512,
2522.365,
2524.099,
2525.749,
2527.089,
2528.454,
2529.419,
2530.198,
2530.800,
2531.344,
2531.667,
2531.977,
2532.362,
2532.896,
2533.592,
2534.317,
2535.222,
2536.241,
2537.350,
2538.536,
2539.766,
2541.050,
2542.289,
2543.707,
2545.067,
2546.568,
2548.038,
2549.671,
2551.081,
2552.660,
2554.090,
2555.704,
2557.255,
2558.928,
2560.616,
2562.397,
2564.124,
2566.045,
2567.829,
2569.678,
2571.451,
2573.280,
2574.916,
2576.434,
2577.934,
2579.218,
2580.481,
2581.693,
2582.970,
2584.231,
2585.232,
2586.292,
2587.159,
2587.987,
2588.768,
2589.567,
2590.232,
2590.837,
2591.441,
2592.007,
2592.559,
2593.069,
2593.546,
2594.050,
2594.451,
2594.784,
2595.245,
2595.670,
2596.200,
2596.723,
2597.202,
2597.688,
2598.232,
2598.718,
2599.274,
2599.932,
2600.864,
2601.775,
2602.777,
2603.669,
2604.599,
2605.648,
2606.699,
2607.696,
2608.526,
2609.364,
2610.238,
2611.056,
2611.949,
2612.866,
2613.728,
2614.495,
2615.421,
2616.100,
2616.698,
2617.234,
2617.744,
2618.307,
2618.825,
2619.317,
2619.830,
2620.307,
2620.698,
2621.101,
2621.500,
2621.875,
2622.510,
2622.946,
2623.429,
2624.019,
2624.704,
2625.506,
2626.285,
2626.934,
2627.783,
2628.664,
2629.715,
2630.745,
2631.951,
2633.220,
2634.447,
2635.775,
2637.066,
2638.306,
2639.555,
2640.760,
2641.825,
2642.928,
2643.982,
2644.834,
2645.655,
2646.336,
2646.866,
2647.368,
2647.782,
2648.291,
2648.864,
2649.569,
2650.292,
2650.976,
2651.862,
2652.783,
2653.913,
2655.011,
2656.343,
2657.640,
2659.076,
2660.503,
2661.961,
2663.556,
2665.006,
2666.525,
2667.896,
2669.312,
2670.724,
2672.135,
2673.566,
2675.047,
2676.373,
2677.577,
2678.778,
2679.727,
2680.689,
2681.508,
2682.330,
2683.241,
2684.080,
2684.965,
2685.865,
2686.630,
2687.270,
2687.805,
2688.288,
2688.764,
2689.259,
2689.739,
2690.303,
2690.923,
2691.534,
2692.141,
2692.792,
2693.568,
2694.498,
2695.680,
2696.688,
2697.763,
2698.740,
2699.835,
2700.951,
2702.391,
2703.740,
2705.108,
2706.599,
2708.118,
2709.703,
2711.327,
2712.951,
2714.669,
2716.362,
2718.019,
2719.667,
2721.401,
2723.115,
2724.817,
2726.557,
2728.155,
2729.774,
2731.240,
2732.637,
2733.847,
2734.934,
2735.868,
2736.629,
2737.204,
2737.632,
2737.927,
2738.148,
2738.388,
2738.703,
2739.119,
2739.700,
2740.452,
2741.237,
2742.147,
2743.141,
2744.277,
2745.553,
2746.787,
2748.339,
2749.786,
2751.397,
2752.918,
2754.435,
2755.965,
2757.498,
2759.081,
2760.734,
2762.431,
2764.101,
2766.054,
2767.681,
2769.322,
2770.902,
2772.397,
2773.916,
2775.144,
2776.422,
2777.616,
2778.728,
2779.716,
2780.558,
2781.474,
2782.332,
2783.052,
2783.696,
2784.380,
2784.940,
2785.476,
2785.991,
2786.493,
2786.928,
2787.358,
2787.773,
2788.223,
2788.768,
2789.394,
2790.004,
2790.561,
2791.060,
2791.625,
2792.034,
2792.495,
2792.965,
2793.385,
2793.973,
2794.350,
2794.828,
2795.222,
2795.618,
2796.019,
2796.417,
2796.755,
2797.197,
2797.721,
2798.497,
2799.369,
2800.216,
2801.040,
2801.884,
2802.613,
2803.304,
2804.038,
2804.787,
2805.507,
2806.356,
2807.057,
2807.675,
2808.319,
2808.978,
2809.612,
2810.197,
2810.631,
2811.035,
2811.313,
2811.584,
2811.856,
2812.146,
2812.475,
2812.910,
2813.317,
2813.804,
2814.306,
2814.737,
2815.170,
2815.640,
2816.104,
2816.792,
2817.504,
2818.172,
2818.865,
2819.583,
2820.367,
2821.243,
2822.085,
2822.918,
2823.878,
2824.734,
2825.602,
2826.378,
2827.316,
2828.142,
2828.978,
2829.730,
2830.319,
2830.763,
2831.164,
2831.472,
2831.698,
2831.954,
2832.312,
2832.831,
2833.461,
2834.271,
2835.144,
2836.160,
2837.261,
2838.494,
2839.757,
2841.046,
2842.418,
2843.725,
2845.233,
2846.838,
2848.480,
2850.217,
2851.978,
2853.706,
2855.368,
2857.067,
2858.758,
2860.370,
2861.864,
2863.200,
2864.523,
2865.864,
2867.203,
2868.342,
2869.622,
2870.671,
2871.737,
2872.690,
2873.772,
2874.661,
2875.663,
2876.574,
2877.539,
2878.437,
2879.358,
2880.365,
2881.213,
2882.178,
2883.161,
2884.133,
2885.216,
2886.213,
2887.539,
2888.625,
2889.852,
2891.175,
2892.519,
2894.055,
2895.749,
2897.412,
2899.211,
2901.055,
2902.946,
2904.833,
2906.797,
2908.840,
2910.873,
2912.838,
2914.839,
2916.657,
2918.453,
2920.140,
2921.684,
2923.146,
2924.425,
2925.583,
2926.572,
2927.346,
2927.918,
2928.354,
2928.592,
2928.592,
2929.005,
2929.425,
2929.972,
2930.614,
2931.361,
2932.202,
2933.172,
2934.169,
2935.168,
2936.233,
2937.274,
2938.293,
2939.327,
2940.306,
2941.246,
2942.358,
2943.373,
2944.507,
2945.738,
2946.868,
2948.081,
2949.234,
2950.446,
2951.700,
2953.065,
2954.420,
2955.854,
2957.416,
2958.806,
2960.294,
2961.723,
2963.228,
2964.722,
2966.195,
2967.644,
2968.931,
2970.141,
2971.281,
2972.445,
2973.463,
2974.438,
2975.475,
2976.370,
2977.305,
2978.246,
2979.013,
2979.962,
2980.945,
2981.851,
2982.784,
2983.681,
2984.497,
2985.454,
2986.367,
2987.170,
2988.006,
2988.923,
2989.734,
2990.572,
2991.459,
2992.358,
2993.225,
2994.033,
2994.824,
2995.471,
2996.103,
2996.741,
2997.409,
2998.218,
2998.910,
2999.489,
3000.102,
3000.758,
3001.379,
3002.039,
3002.794,
3003.562,
3004.352,
3005.139,
3006.151,
3006.952,
3007.765,
3008.611,
3009.355,
3009.928,
3010.494,
3011.141,
3011.855,
3012.482,
3013.162,
3013.786,
3014.507,
3015.090,
3015.678,
3016.263,
3016.808,
3017.396,
3017.865,
3018.252,
3018.664,
3019.178,
3019.699,
3020.200,
3020.689,
3021.258,
3021.824,
3022.283,
3022.696,
3023.059,
3023.519,
3023.873,
3024.245,
3024.613,
3024.930,
3025.233,
3025.625,
3026.021,
3026.359,
3026.976,
3026.976,
3027.578,
3027.943,
3028.542,
3028.750,
3029.058,
3029.362,
3029.602,
3029.828,
3030.107,
3030.457,
3030.814,
3031.471,
3032.191,
3032.954,
3034.044,
3035.061,
3036.117,
3037.272,
3038.543,
3039.851,
3041.150,
3042.439,
3043.858,
3045.169,
3046.675,
3048.155,
3049.666,
3051.159,
3052.632,
3053.931,
3055.241,
3056.536,
3057.849,
3059.167,
3060.477,
3061.790,
3062.987,
3064.321,
3065.376,
3066.316,
3067.334,
3068.230,
3069.216,
3070.144,
3071.009,
3072.019,
3072.953,
3073.869,
3074.866,
3075.726,
3076.483,
3077.396,
3078.701,
3079.472,
3080.498,
3081.509,
3082.640,
3083.848,
3085.187,
3086.814,
3088.209,
3089.654,
3091.155,
3092.668,
3094.264,
3095.902,
3097.492,
3099.130,
3100.848,
3102.505,
3104.132,
3105.824,
3107.407,
3108.883,
3110.371,
3111.643,
3112.965,
3114.228,
3115.345,
3116.486,
3117.435,
3118.437,
3119.290,
3119.972,
3120.714,
3121.390,
3122.004,
3122.509,
3122.949,
3123.303,
3123.732,
3124.175,
3124.556,
3124.978,
3125.394,
3125.980,
3126.698,
3127.421,
3128.280,
3129.376,
3130.515,
3131.900,
3133.275,
3134.708,
3136.189,
3137.604,
3139.199,
3140.641,
3142.168,
3143.660,
3145.166,
3146.641,
3148.032,
3149.493,
3150.885,
3152.211,
3153.516,
3154.859,
3156.130,
3157.386,
3158.603,
3159.777,
3160.998,
3162.061,
3163.084,
3164.128,
3165.084,
3165.985,
3166.911,
3167.659,
3168.427,
3169.415,
3170.211,
3171.000,
3171.867,
3172.697,
3173.602,
3174.569,
3175.544,
3176.461,
3177.458,
3178.475,
3179.561,
3180.664,
3181.730,
3182.894,
3183.901,
3185.192,
3186.381,
3187.471,
3188.647,
3189.794,
3190.963,
3192.041,
3193.093,
3194.247,
3195.230,
3196.343,
3197.351,
3198.418,
3199.494,
3200.455,
3201.399,
3202.228,
3203.037,
3203.783,
3204.404,
3204.989,
3205.751,
3206.448,
3207.124,
3207.945,
3208.785,
3209.572,
3210.389,
3211.129,
3211.839,
3212.569,
3213.128,
3213.733,
3214.110,
3214.489,
3214.870,
3215.235,
3215.632,
3215.997,
3216.410,
3216.938,
3217.321,
3217.790,
3218.318,
3218.938,
3219.546,
3220.160,
3220.754,
3221.472,
3222.156,
3222.761,
3223.365,
3223.988,
3224.523,
3225.032,
3225.478,
3225.929,
3226.319,
3226.660,
3227.008,
3227.349,
3227.650,
3227.898,
3228.130,
3228.362,
3228.664,
3229.032,
3229.410,
3229.843,
3230.365,
3230.879,
3231.523,
3232.314,
3233.290,
3234.387,
3235.544,
3236.831,
3237.994,
3239.409,
3240.740,
3242.236,
3243.616,
3245.176,
3246.666,
3248.306,
3249.950,
3251.738,
3253.463,
3255.207,
3257.032,
3258.927,
3260.710,
3262.534,
3264.150,
3265.875,
3267.517,
3269.082,
3270.498,
3271.985,
3273.445,
3274.733,
3276.161,
3277.472,
3278.793,
3279.958,
3281.124,
3282.093,
3283.109,
3283.967,
3284.960,
3286.047,
3287.105,
3288.200,
3289.667,
3290.868,
3292.024,
3293.371,
3294.667,
3296.034,
3297.388,
3298.882,
3300.306,
3301.823,
3303.337,
3304.883,
3306.421,
3307.897,
3309.460,
3310.888,
3312.444,
3313.808,
3315.242,
3316.652,
3317.959,
3319.204,
3320.453,
3321.566,
3322.628,
3323.537,
3324.318,
3325.047,
3325.627,
3326.063,
3326.425,
3326.764,
3327.062,
3327.389,
3327.768,
3328.193,
3328.658,
3329.275,
3329.997,
3330.882,
3331.753,
3332.839,
3333.999,
3335.175,
3336.427,
3337.738,
3339.042,
3340.397,
3341.732,
3343.069,
3344.438,
3345.817,
3347.126,
3348.466,
3349.806,
3351.042,
3352.303,
3353.527,
3354.647,
3355.922,
3357.086,
3358.148,
3359.292,
3360.273,
3361.157,
3362.095,
3362.945,
3363.752,
3364.582,
3365.302,
3365.892,
3366.478,
3367.113,
3367.736,
3368.714,
3369.324,
3369.931,
3370.591,
3371.315,
3372.111,
3373.076,
3373.943,
3374.803,
3375.643,
3376.390,
3377.420,
3378.387,
3379.470,
3380.551,
3381.771,
3382.814,
3383.789,
3384.705,
3385.507,
3386.287,
3386.967,
3387.558,
3388.117,
3388.756,
3389.285,
3389.848,
3390.325,
3390.849,
3391.377,
3391.800,
3392.123,
3392.474,
3392.826,
3393.098,
3393.384,
3393.637,
3393.892,
3394.154,
3394.450,
3394.847,
3395.215,
3395.741,
3396.222,
3396.703,
3397.187,
3397.674,
3398.239,
3398.667,
3399.063,
3399.447,
3399.871,
3400.449,
3400.976,
3401.564,
3402.133,
3402.738,
3403.358,
3403.952,
3404.615,
3405.328,
3405.965,
3406.744,
3407.589,
3408.488,
3409.308,
3410.203,
3411.012,
3411.796,
3412.546,
3413.346,
3414.030,
3414.797,
3415.545,
3416.241,
3416.872,
3417.491,
3418.158,
3418.707,
3419.194,
3419.616,
3419.979,
3420.298,
3420.620,
3420.959,
3421.337,
3421.848,
3422.444,
3423.110,
3423.893,
3424.851,
3425.789,
3426.836,
3427.941,
3429.146,
3430.412,
3431.720,
3433.193,
3434.595,
3436.071,
3437.646,
3439.263,
3440.946,
3442.689,
3444.514,
3446.463,
3448.298,
3450.222,
3452.189,
3454.148,
3456.149,
3458.138,
3460.135,
3462.154,
3464.264,
3466.415,
3468.576,
3470.677,
3472.546,
3474.414,
3476.076,
3477.594,
3479.180,
3480.750,
3482.186,
3483.666,
3484.983,
3486.435,
3487.821,
3489.183,
3490.436,
3491.745,
3493.017,
3494.341,
3495.816,
3497.223,
3498.684,
3500.166,
3501.682,
3503.218,
3504.815,
3506.430,
3507.954,
3509.574,
3511.222,
3512.821,
3514.348,
3515.850,
3517.444,
3518.787,
3520.351,
3521.676,
3523.102,
3524.384,
3525.691,
3526.843,
3527.913,
3528.800,
3529.596,
3530.274,
3530.806,
3531.288,
3531.750,
3532.338,
3532.878,
3533.430,
3533.950,
3534.588,
3535.232,
3535.764,
3536.317,
3536.862,
3537.419,
3537.967,
3538.478,
3539.025,
3539.638,
3540.400,
3541.237,
3542.098,
3543.150,
3544.185,
3545.272,
3546.467,
3547.594,
3548.919,
3550.127,
3551.598,
3552.903,
3554.408,
3555.859,
3557.382,
3558.946,
3560.544,
3562.181,
3563.821,
3565.539,
3567.121,
3568.833,
3570.390,
3571.930,
3573.380,
3574.776,
3576.160,
3577.498,
3578.873,
3580.155,
3581.559,
3582.949,
3584.433,
3585.875,
3587.384,
3588.859,
3590.250,
3591.908,
3593.246,
3594.510,
3595.819,
3596.995,
3598.036,
3599.128,
3600.052,
3601.154,
3602.133,
3603.036,
3603.859,
3604.623,
3605.383,
3606.008,
3606.707,
3607.317,
3607.890,
3608.496,
3609.026,
3609.610,
3610.205,
3610.859,
3611.570,
3612.314,
3613.255,
3614.179,
3615.088,
3616.005,
3616.943,
3617.857,
3618.852,
3619.820,
3620.839,
3621.677,
3622.430,
3623.296,
3623.957,
3624.644,
3625.339,
3625.850,
3626.437,
3626.912,
3627.447,
3627.861,
3628.221,
3628.505,
3628.834,
3629.115,
3629.422,
3629.791,
3630.148,
3630.540,
3630.901,
3631.275,
3631.772,
3632.301,
3632.749,
3633.216,
3633.740,
3634.376,
3634.918,
3635.503,
3636.092,
3636.721,
3637.427,
3638.050,
3638.664,
3639.238,
3639.823,
3640.452,
3641.009,
3641.518,
3641.935,
3642.385,
3642.876,
3643.361,
3643.796,
3644.160,
3644.507,
3644.882,
3645.258,
3645.764,
3646.462,
3647.380,
3648.366,
3649.483,
3650.608,
3651.872,
3653.106,
3654.443,
3655.836,
3657.180,
3658.758,
3660.390,
3662.056,
3663.756,
3665.416,
3667.082,
3668.753,
3670.244,
3671.813,
3673.351,
3674.825,
3676.235,
3677.674,
3679.019,
3680.348,
3681.735,
3682.994,
3684.374,
3685.746,
3686.991,
3688.312,
3689.429,
3690.557,
3691.680,
3692.790,
3694.078,
3695.194,
3696.358,
3697.610,
3698.827,
3699.982,
3701.473,
3702.713,
3703.969,
3705.289,
3706.659,
3708.056,
3709.545,
3711.016,
3712.634,
3714.180,
3715.698,
3717.333,
3718.898,
3720.559,
3722.119,
3723.650,
3725.244,
3726.727,
3728.278,
3729.566,
3730.941,
3732.111,
3733.291,
3734.285,
3735.139,
3735.983,
3736.600,
3737.154,
3737.677,
3738.125,
3738.537,
3738.916,
3739.324,
3739.740,
3740.242,
3740.796,
3741.415,
3742.150,
3742.814,
3743.497,
3744.342,
3745.252,
3746.060,
3747.110,
3748.222,
3749.297,
3750.604,
3751.795,
3753.192,
3754.508,
3755.934,
3757.281,
3758.858,
3760.229,
3761.699,
3763.122,
3764.546,
3765.885,
3767.328,
3768.680,
3770.058,
3771.285,
3772.582,
3773.624,
3774.822,
3775.818,
3776.847,
3778.001,
3779.018,
3780.070,
3781.011,
3781.999,
3782.952,
3783.977,
3785.010,
3786.018,
3787.038,
3788.081,
3788.975,
3790.119,
3791.188,
3792.151,
3793.133,
3794.155,
3795.054,
3795.911,
3796.822,
3797.634,
3798.565,
3799.480,
3800.352,
3801.446,
3802.337,
3803.028,
3803.767,
3804.554,
3805.153,
3805.703,
3806.272,
3806.894,
3807.577,
3808.133,
3808.655,
3809.111,
3809.589,
3810.039,
3810.391,
3810.851,
3811.340,
3811.843,
3812.416,
3813.125,
3813.813,
3814.554,
3815.356,
3816.188,
3817.069,
3817.870,
3818.653,
3819.628,
3820.163,
3821.009,
3821.724,
3822.425,
3823.041,
3823.643,
3824.187,
3824.675,
3825.137,
3825.551,
3826.016,
3826.593,
3827.058,
3827.573,
3828.132,
3828.660,
3829.201,
3829.699,
3830.210,
3830.629,
3831.113,
3831.562,
3832.032,
3832.483,
3833.054,
3833.591,
3834.097,
3834.621,
3835.167,
3835.676,
3836.062,
3836.497,
3836.883,
3837.173,
3837.380,
3837.640,
3838.048,
3838.640,
3839.308,
3840.001,
3840.902,
3841.796,
3842.873,
3843.901,
3845.304,
3846.573,
3848.025,
3849.423,
3850.946,
3852.655,
3854.358,
3856.179,
3858.057,
3859.883,
3861.607,
3863.345,
3865.067,
3866.801,
3868.475,
3870.120,
3871.881,
3873.584,
3875.316,
3876.975,
3878.355,
3879.645,
3880.845,
3881.962,
3883.207,
3884.440,
3885.737,
3886.949,
3888.221,
3889.334,
3890.382,
3891.269,
3892.028,
3892.590,
3893.164,
3893.596,
3893.980,
3894.696,
3895.008,
3895.444,
3895.981,
3896.585,
3897.271,
3897.941,
3898.713,
3899.607,
3900.692,
3901.627,
3902.771,
3903.877,
3905.008,
3906.186,
3907.326,
3908.581,
3909.806,
3911.069,
3912.530,
3913.839,
3915.176,
3916.416,
3917.765,
3918.909,
3920.069,
3921.157,
3922.155,
3923.063,
3923.983,
3924.801,
3925.494,
3926.139,
3926.696,
3927.126,
3927.484,
3927.786,
3928.134,
3928.410,
3928.740,
3929.002,
3929.279,
3929.587,
3929.949,
3930.348,
3930.750,
3931.133,
3931.465,
3931.782,
3931.782,
3932.122,
3932.326,
3932.598,
3932.955,
3933.440,
3934.090,
3934.793,
3935.559,
3936.378,
3937.182,
3937.968,
3938.790,
3939.497,
3940.268,
3941.169,
3942.025,
3942.983,
3944.040,
3945.026,
3946.138,
3947.216,
3948.311,
3949.308,
3950.458,
3951.502,
3952.645,
3953.675,
3954.692,
3955.719,
3956.728,
3957.757,
3958.774,
3959.766,
3960.827,
3961.960,
3962.979,
3964.043,
3965.060,
3966.133,
3967.236,
3968.256,
3969.564,
3970.675,
3971.746,
3972.829,
3973.934,
3975.064,
3976.170,
3977.400,
3978.522,
3979.818,
3980.953,
3982.189,
3983.443,
3984.808,
3986.087,
3987.427,
3988.663,
3989.934,
3991.074,
3992.360,
3993.553,
3994.737,
3995.871,
3996.946,
3997.986,
3999.061,
3999.999,
4001.049,
4002.029,
4002.873,
4003.832,
4004.625,
4005.453,
4006.282,
4007.057,
4007.807,
4008.638,
4009.356,
4010.035,
4010.868,
4011.632,
4012.343,
4013.146,
4013.784,
4014.334,
4014.876,
4015.376,
4015.830,
4016.366,
4016.909,
4017.596,
4018.174,
4018.802,
4019.463,
4020.144,
4020.814,
4021.457,
4022.074,
4022.808,
4023.450,
4024.170,
4024.925,
4025.627,
4026.312,
4026.978,
4027.647,
4028.326,
4028.938,
4029.624,
4030.433,
4031.140,
4031.782,
4032.406,
4033.007,
4033.534,
4034.003,
4034.393,
4034.708,
4035.003,
4035.322,
4035.693,
4036.089,
4036.525,
4037.042,
4037.607,
4038.318,
4039.025,
4039.960,
4041.075,
4042.259,
4043.485,
4044.908,
4046.249,
4047.720,
4049.084,
4050.618,
4052.153,
4053.759,
4055.479,
4057.389,
4059.259,
4061.040,
4062.817,
4064.584,
4066.375,
4068.083,
4070.050,
4072.052,
4074.144,
4076.201,
4078.296,
4080.182,
4082.138,
4084.047,
4085.886,
4087.715,
4089.569,
4091.475,
4093.479,
4095.499,
4097.454,
4099.440,
4101.348,
4103.135,
4104.970,
4106.971,
4108.748,
4110.561,
4112.337,
4114.172,
4115.995,
4117.880,
4119.842,
4121.827,
4123.734,
4125.796,
4127.735,
4129.497,
4131.283,
4133.126,
4134.896,
4136.588,
4138.339,
4139.926,
4141.640,
4143.154,
4144.632,
4146.126,
4147.509,
4148.956,
4150.344,
4151.742,
4153.228,
4154.579,
4155.975,
4157.270,
4158.450,
4159.609,
4160.612,
4161.532,
4162.428,
4163.217,
4163.843,
4164.364,
4164.754,
4165.019,
4165.019,
4165.362,
4165.694,
4166.178,
4166.829,
4167.577,
4168.433,
4169.495,
4170.649,
4171.871,
4173.260,
4174.741,
4176.218,
4177.832,
4179.266,
4180.906,
4182.375,
4183.948,
4185.500,
4186.941,
4188.428,
4189.710,
4191.128,
4192.346,
4193.524,
4194.632,
4195.688,
4196.666,
4197.688,
4198.682,
4199.631,
4200.611,
4201.501,
4202.545,
4203.547,
4204.513,
4205.556,
4206.505,
4207.612,
4208.752,
4209.838,
4211.302,
4212.484,
4213.844,
4215.055,
4216.483,
4217.838,
4219.330,
4220.738,
4222.301,
4223.756,
4225.253,
4226.675,
4228.199,
4229.879,
4231.442,
4232.868,
4234.462,
4235.811,
4237.185,
4238.539,
4239.892,
4241.177,
4242.518,
4243.809,
4245.069,
4246.443,
4247.895,
4249.295,
4250.886,
4252.551,
4254.196,
4255.775,
4257.381,
4258.829,
4260.267,
4261.676,
4263.230,
4264.682,
4266.131,
4267.699,
4269.278,
4270.794,
4272.160,
4273.589,
4275.090,
4276.313,
4277.595,
4278.842,
4280.058,
4281.310,
4282.441,
4283.724,
4284.922,
4286.163,
4287.478,
4288.660,
4290.009,
4291.214,
4292.517,
4293.914,
4295.232,
4296.801,
4298.273,
4299.612,
4300.946,
4302.212,
4303.712,
4305.006,
4306.280,
4307.635,
4308.872,
4310.343,
4311.693,
4313.232,
4314.529,
4315.920,
4317.229,
4318.453,
4319.673,
4320.912,
4322.159,
4323.288,
4324.399,
4325.385,
4326.287,
4327.078,
4327.820,
4328.487,
4329.102,
4329.648,
4330.144,
4330.477,
4330.754,
4331.056,
4331.563,
4332.290,
4333.057,
4334.099,
4335.173,
4336.338,
4337.689,
4339.131,
4340.523,
4341.995,
4343.477,
4344.985,
4346.500,
4347.952,
