NO_OF_FRAMES	5716
NO_OF_DATA_TYPES	1
FREQUENCY	100
TIME_STAMP	2023-11-29, 20:17:32
DATA_INCLUDED	Distance Traveled
DATA_TYPES	right_elbow_Rdist_traveled


0.000
0.000
0.000
0.227
0.227
0.227
1.516
2.367
2.367
2.585
2.585
2.585
2.865
2.865
2.865
3.124
3.124
3.325
3.325
3.554
3.554
3.790
3.790
4.084
4.084
4.371
4.371
4.371
4.647
4.877
5.206
5.570
6.013
6.484
6.948
7.393
7.849
8.252
8.549
8.831
9.050
9.270
9.485
9.485
9.842
9.842
10.144
10.144
10.414
10.414
10.806
11.044
11.252
11.478
11.696
11.995
12.265
12.265
12.662
12.958
13.292
13.600
13.930
14.273
14.559
14.876
15.171
15.466
15.789
16.164
16.542
16.932
17.256
17.598
17.987
18.466
18.863
19.239
19.633
20.157
20.731
21.261
21.831
22.309
22.737
23.111
23.478
23.895
24.293
24.684
25.008
25.377
25.652
25.945
26.241
26.567
26.876
27.249
27.585
27.939
28.755
29.376
30.091
30.822
31.599
32.364
33.193
34.492
35.127
36.257
37.449
38.838
40.262
41.879
43.292
44.993
46.832
48.504
50.635
52.660
54.725
56.832
58.697
60.644
62.319
63.901
65.251
66.636
67.533
68.460
69.170
69.657
69.978
70.313
70.689
71.100
71.569
72.080
72.506
72.947
73.428
73.860
74.253
74.663
75.098
75.404
75.726
76.125
76.442
76.684
76.901
77.112
77.112
77.487
77.750
77.988
77.988
78.329
78.556
78.556
78.866
78.866
79.184
79.184
79.538
79.538
80.380
81.040
81.040
81.333
81.333
81.333
81.569
81.569
81.569
81.569
81.815
81.815
81.815
81.815
82.060
82.060
82.280
82.280
82.280
82.501
82.501
82.746
82.746
82.984
82.984
82.984
82.984
83.310
83.310
83.768
84.012
84.274
84.563
84.844
85.076
85.351
85.612
85.908
86.236
86.625
87.034
87.463
87.805
88.118
88.397
88.655
88.978
89.294
89.655
90.031
90.249
90.490
90.490
90.880
90.880
91.249
91.464
91.464
91.836
92.141
92.426
92.690
92.936
93.204
93.487
93.774
94.126
94.501
94.912
95.448
95.950
96.472
97.048
97.632
98.289
98.908
99.547
100.310
101.330
102.206
103.114
104.186
105.693
106.692
107.911
109.028
110.326
111.454
112.768
113.882
115.094
116.303
117.420
118.596
119.701
120.855
121.902
122.966
123.977
124.866
125.978
127.124
128.113
129.327
130.455
131.561
132.842
133.926
135.116
136.239
137.406
138.457
139.554
140.756
141.708
142.907
143.967
145.153
146.177
147.209
148.229
149.216
150.303
151.123
152.045
152.876
153.619
154.453
155.183
155.796
156.518
157.255
157.802
158.275
158.898
159.606
160.195
160.789
161.531
162.197
162.757
163.247
163.672
164.052
164.477
165.005
165.497
165.998
166.484
167.016
167.642
168.352
169.197
170.254
171.342
172.707
173.839
175.127
176.397
177.716
179.096
180.593
182.069
183.537
185.122
186.704
188.254
190.001
191.675
193.247
195.018
196.660
198.238
199.969
201.538
202.916
204.438
205.763
207.185
208.614
209.927
211.287
212.433
213.826
214.976
216.238
217.252
218.496
219.485
220.557
221.574
222.324
223.190
223.892
224.491
225.090
226.000
226.986
228.138
229.385
230.424
231.430
232.263
233.153
234.048
234.926
235.949
236.862
237.802
238.850
239.822
240.759
241.652
242.552
243.339
244.294
245.295
246.414
247.624
248.941
250.367
251.838
253.382
255.053
256.865
258.459
260.249
262.018
263.536
265.238
266.727
268.170
269.467
270.707
271.809
272.956
273.972
274.910
275.754
276.490
277.173
277.985
278.843
279.552
280.507
281.449
282.410
283.383
284.343
285.257
286.223
287.125
288.071
288.938
289.908
290.884
291.748
292.622
293.340
294.055
294.804
295.468
296.167
296.820
297.506
298.222
298.845
299.525
300.133
300.714
301.357
302.170
302.971
303.836
304.923
305.964
307.172
308.050
309.134
310.010
310.796
311.800
312.929
314.174
315.602
317.185
318.855
321.078
323.704
326.650
329.946
333.387
336.850
340.013
342.896
345.547
348.305
350.070
352.183
354.669
356.617
358.625
360.625
362.580
364.604
366.639
369.002
371.791
374.920
377.887
380.703
383.581
386.694
389.825
393.288
396.780
400.402
404.047
407.431
410.612
413.569
416.215
418.548
420.771
422.824
424.728
426.514
428.228
429.857
431.512
433.122
434.683
436.478
438.413
440.203
442.328
444.610
446.976
449.528
452.442
454.724
457.574
460.329
463.255
466.604
469.610
472.451
476.169
479.628
483.119
486.782
490.452
494.070
497.510
500.945
504.280
507.419
511.075
514.066
516.982
519.745
522.451
525.165
527.759
530.138
532.488
534.753
536.730
538.825
540.706
542.642
544.419
546.096
547.779
549.270
550.584
551.811
552.935
553.971
554.909
555.811
556.588
557.351
558.121
558.926
559.640
560.379
560.971
561.566
562.117
562.599
563.163
563.677
564.349
565.049
565.839
566.728
568.325
569.225
570.294
571.518
572.756
573.960
575.311
576.615
577.898
579.105
580.301
581.515
582.932
584.146
585.446
586.884
588.139
589.438
590.864
592.154
593.534
594.698
595.898
597.075
598.243
599.282
600.330
601.336
601.946
602.809
603.999
604.995
605.827
606.548
607.379
608.168
608.930
609.785
610.771
611.720
612.657
613.811
614.926
616.264
617.630
619.123
620.768
622.337
624.238
626.061
627.939
629.864
631.705
633.809
635.859
638.028
640.263
642.627
644.951
647.291
649.717
652.201
654.643
656.988
659.334
661.670
663.971
666.078
668.158
670.060
671.898
673.484
674.898
676.037
677.002
677.706
678.193
678.557
678.929
679.374
680.135
681.144
682.225
683.677
685.088
686.748
688.462
690.218
692.085
693.901
695.697
697.628
699.571
701.359
703.173
705.003
706.730
708.690
710.697
712.591
714.471
716.377
718.175
719.871
721.732
723.619
725.424
727.414
729.459
731.152
732.988
734.721
736.586
738.457
740.157
741.811
743.331
744.695
746.133
747.529
748.919
750.254
751.521
752.691
753.897
755.172
756.399
757.557
758.559
759.415
760.266
761.237
762.093
762.900
763.606
764.445
765.190
765.814
766.743
767.560
768.363
769.204
770.149
771.252
772.943
774.412
775.802
777.102
778.412
779.578
780.682
781.620
782.489
783.262
783.845
784.491
785.213
786.080
786.963
787.906
788.736
789.462
790.190
790.888
791.531
792.138
792.837
793.625
794.383
795.150
796.382
797.283
798.241
799.105
799.862
800.614
801.464
802.228
803.249
804.334
805.618
806.995
808.206
809.850
811.489
813.188
814.921
816.541
818.336
820.284
822.360
824.529
826.812
828.882
830.795
832.788
834.646
836.504
838.533
840.456
842.331
843.933
845.522
846.886
848.301
849.658
851.111
852.634
854.093
855.482
856.786
858.118
859.298
860.562
861.636
863.051
864.513
866.163
867.848
869.491
871.265
873.090
875.034
877.021
879.056
881.283
883.452
885.605
887.937
890.230
892.661
895.389
897.758
900.167
902.552
904.887
907.305
909.638
912.014
914.335
916.667
918.949
921.309
923.573
925.833
927.865
929.859
931.721
933.357
934.887
936.197
937.331
938.289
939.029
939.692
940.176
940.479
940.786
941.217
941.780
942.351
943.018
943.918
944.791
945.768
946.987
948.119
949.386
950.644
951.947
953.342
954.736
956.322
957.850
959.524
961.287
962.983
964.909
966.853
968.772
970.812
972.976
975.099
977.366
979.582
981.898
984.127
986.318
988.618
990.922
993.118
995.372
997.442
999.471
1001.420
1003.477
1005.417
1007.160
1008.835
1010.434
1011.912
1013.423
1014.796
1016.187
1017.414
1018.635
1019.870
1020.979
1021.932
1022.914
1023.845
1024.703
1025.537
1026.442
1027.483
1028.348
1029.183
1030.151
1031.073
1032.136
1033.091
1034.014
1034.973
1035.542
1036.358
1037.131
1037.890
1038.780
1039.696
1041.019
1041.956
1042.922
1043.856
1044.665
1045.670
1046.535
1047.416
1048.239
1049.072
1049.741
1050.404
1051.247
1052.057
1052.788
1053.419
1054.105
1054.705
1055.197
1055.862
1056.169
1056.419
1056.670
1056.670
1058.762
1059.134
1059.544
1060.002
1060.601
1061.331
1062.226
1063.250
1064.342
1065.564
1066.933
1068.213
1069.619
1070.880
1072.274
1073.589
1074.910
1077.032
1077.386
1079.340
1080.073
1080.923
1081.730
1082.860
1083.801
1084.831
1085.729
1086.633
1087.404
1088.430
1089.666
1090.896
1092.159
1093.434
1094.663
1095.877
1097.121
1098.439
1099.980
1101.631
1103.164
1104.660
1105.982
1107.170
1108.109
1109.255
1110.306
1111.438
1112.474
1113.581
1114.451
1115.159
1115.763
1116.430
1116.980
1117.489
1118.051
1118.575
1119.030
1119.358
1119.980
1119.980
1120.300
1120.506
1120.831
1121.077
1121.320
1121.662
1121.875
1122.161
1122.469
1122.842
1123.167
1123.520
1123.925
1124.341
1124.817
1125.457
1126.151
1126.974
1127.860
1128.799
1130.132
1131.288
1132.523
1133.780
1135.242
1136.728
1138.234
1139.845
1141.451
1143.092
1144.596
1146.083
1147.507
1148.800
1149.989
1151.096
1152.106
1153.077
1154.088
1154.963
1155.836
1156.701
1157.375
1158.122
1158.877
1159.581
1160.523
1161.552
1162.635
1163.910
1165.108
1166.498
1167.939
1169.408
1170.953
1172.398
1173.989
1175.439
1176.905
1178.323
1179.707
1181.206
1182.593
1184.052
1185.388
1186.779
1188.114
1189.499
1190.782
1192.068
1193.333
1194.746
1195.906
1197.445
1198.590
1199.763
1200.888
1202.018
1203.049
1204.071
1205.003
1205.813
1206.691
1207.498
1208.363
1209.258
1210.035
1210.768
1211.615
1212.295
1213.056
1213.932
1214.677
1215.379
1216.026
1216.735
1217.763
1218.546
1219.465
1219.898
1220.397
1221.035
1221.698
1222.319
1222.964
1223.628
1224.315
1225.428
1226.323
1227.254
1228.205
1229.266
1230.275
1231.275
1232.527
1233.555
1235.011
1235.998
1236.978
1238.148
1239.248
1240.288
1241.322
1242.183
1243.022
1243.962
1244.670
1245.337
1246.021
1246.746
1247.527
1248.026
1248.554
1249.078
1250.336
1250.796
1251.178
1251.513
1251.908
1252.300
1252.747
1253.241
1253.831
1254.538
1255.247
1256.091
1256.972
1257.863
1258.728
1259.582
1260.301
1260.950
1261.609
1262.270
1262.983
1263.656
1264.211
1265.291
1266.091
1266.933
1268.471
1269.735
1271.250
1272.789
1274.479
1276.151
1277.909
1279.841
1281.671
1283.882
1285.901
1288.095
1290.266
1292.363
1294.408
1296.249
1298.133
1299.908
1301.544
1303.035
1304.453
1305.737
1306.880
1308.025
1308.820
1309.756
1310.683
1311.478
1312.731
1313.410
1313.961
1314.439
1314.891
1315.401
1316.171
1316.498
1316.857
1317.214
1317.577
1317.947
1318.380
1319.008
1319.485
1320.032
1320.554
1321.106
1321.766
1322.437
1323.160
1323.923
1324.741
1325.733
1326.889
1328.065
1329.273
1330.580
1331.962
1333.478
1334.998
1336.581
1338.509
1340.343
1342.159
1344.019
1345.903
1347.884
1349.857
1351.774
1353.730
1355.672
1357.607
1359.448
1361.235
1362.934
1364.397
1365.791
1366.978
1368.058
1368.936
1369.568
1370.025
1370.372
1370.704
1371.035
1371.518
1372.160
1373.015
1374.124
1375.240
1376.682
1377.997
1379.509
1380.955
1382.510
1384.036
1385.662
1387.313
1388.885
1390.569
1392.198
1393.770
1395.427
1396.940
1398.539
1400.194
1401.788
1403.514
1405.125
1406.669
1408.145
1409.539
1411.189
1412.567
1413.964
1415.255
1416.561
1417.865
1419.118
1420.413
1421.730
1423.003
1424.296
1425.509
1426.740
1427.910
1429.219
1430.436
1431.656
1432.747
1433.804
1435.372
1436.476
1437.628
1438.652
1439.624
1440.640
1441.554
1442.498
1443.437
1444.184
1445.131
1445.892
1446.696
1447.370
1448.447
1449.181
1449.786
1450.358
1450.998
1451.647
1452.399
1453.192
1453.981
1454.841
1455.792
1456.647
1457.540
1458.340
1459.383
1460.377
1461.618
1462.481
1463.368
1464.198
1465.079
1465.795
1466.482
1467.125
1467.744
1468.441
1468.981
1469.394
1469.823
1470.271
1470.658
1471.014
1471.334
1471.732
1472.901
1473.336
1473.712
1474.110
1474.481
1474.834
1475.285
1475.795
1476.263
1476.745
1477.299
1478.124
1478.908
1479.732
1480.577
1481.475
1482.236
1483.046
1483.791
1485.329
1486.067
1486.640
1487.161
1487.733
1488.400
1489.985
1490.909
1492.149
1493.380
1494.677
1495.860
1497.068
1498.218
1499.325
1500.702
1501.922
1503.400
1504.704
1506.063
1507.623
1509.072
1510.514
1512.187
1513.528
1514.861
1515.898
1516.563
1517.451
1518.366
1519.388
1520.818
1521.741
1522.633
1523.721
1524.683
1525.800
1526.834
1527.703
1528.363
1528.804
1529.155
1529.609
1530.143
1530.714
1531.350
1532.004
1533.149
1533.728
1534.250
1534.844
1535.409
1536.163
1536.911
1537.664
1538.556
1539.609
1540.658
1541.804
1542.962
1544.213
1545.476
1546.809
1548.062
1549.502
1551.121
1552.672
1554.044
1555.593
1557.109
1558.724
1560.272
1561.808
1563.457
1565.013
1566.636
1568.233
1569.776
1571.366
1572.820
1574.271
1575.598
1576.966
1578.154
1579.239
1580.291
1581.194
1582.023
1582.720
1583.300
1583.799
1584.272
1584.721
1585.277
1585.968
1586.756
1587.568
1588.607
1589.728
1591.042
1592.410
1593.951
1595.395
1597.117
1598.803
1600.470
1602.311
1604.110
1605.755
1607.600
1609.447
1611.172
1613.008
1614.899
1616.637
1618.462
1620.204
1621.802
1623.494
1625.206
1626.611
1628.067
1629.262
1630.568
1631.778
1632.884
1633.972
1635.021
1636.100
1637.088
1638.055
1639.029
1639.928
1640.936
1641.825
1642.753
1643.693
1644.601
1645.827
1646.720
1647.562
1648.428
1649.363
1650.147
1651.096
1651.993
1652.915
1653.585
1654.554
1655.321
1656.097
1656.852
1657.503
1658.150
1658.771
1659.371
1659.849
1660.572
1661.056
1661.511
1662.026
1662.539
1663.128
1663.776
1664.403
1665.262
1666.109
1667.437
1668.527
1669.589
1670.596
1671.571
1672.530
1673.534
1674.467
1675.524
1676.486
1677.427
1678.179
1678.872
1679.523
1680.135
1680.890
1681.657
1682.410
1683.071
1683.741
1684.287
1684.978
1685.568
1686.187
1686.766
1687.464
1688.181
1688.925
1689.658
1690.536
1691.383
1692.107
1692.751
1693.405
1694.210
1694.876
1695.451
1695.983
1696.664
1697.305
1698.010
1699.002
1700.259
1701.605
1702.885
1704.165
1705.501
1706.769
1708.536
1710.014
1711.501
1712.979
1714.414
1715.955
1717.528
1719.103
1720.688
1722.083
1723.255
1724.308
1725.368
1726.349
1727.463
1728.522
1729.452
1730.332
1731.085
1731.992
1733.041
1734.099
1735.174
1736.259
1737.229
1738.018
1738.885
1739.860
1740.676
1741.448
1742.331
1743.229
1744.149
1745.143
1746.326
1747.418
1748.632
1749.874
1751.126
1752.486
1753.935
1755.427
1756.982
1758.514
1760.150
1761.807
1763.721
1765.530
1767.265
1769.159
1771.083
1772.991
1775.002
1777.130
1779.195
1781.280
1783.358
1785.410
1787.535
1789.560
1791.516
1793.489
1795.415
1797.137
1799.052
1800.750
1802.336
1803.859
1805.195
1806.337
1807.452
1808.311
1808.936
1809.482
1810.051
1810.573
1811.150
1811.813
1812.576
1813.561
1814.636
1815.740
1817.052
1818.332
1819.776
1821.235
1822.880
1824.604
1826.284
1828.181
1829.976
1831.864
1833.840
1835.896
1837.775
1839.776
1841.783
1843.745
1845.601
1847.462
1849.419
1851.236
1853.009
1854.811
1856.605
1858.260
1860.146
1861.646
1863.162
1864.537
1865.902
1867.051
1868.243
1869.385
1870.468
1871.618
1872.612
1873.604
1874.557
1875.534
1876.490
1877.349
1878.319
1879.180
1880.056
1880.925
1881.827
1882.655
1883.486
1884.664
1885.443
1886.243
1886.967
1887.642
1888.344
1889.224
1889.874
1890.460
1891.123
1891.812
1892.556
1893.384
1894.027
1894.788
1895.723
1896.680
1897.526
1898.446
1899.348
1900.239
1901.306
1902.264
1903.167
1903.989
1904.949
1905.880
1906.606
1907.251
1907.844
1908.450
1909.137
1909.874
1910.626
1911.349
1911.964
1912.485
1913.071
1913.665
1914.222
1914.780
1915.381
1916.073
1916.734
1917.383
1918.080
1918.757
1919.407
1920.022
1920.623
1921.100
1921.549
1921.876
1922.105
1922.332
1922.574
1922.970
1923.444
1923.983
1924.652
1925.436
1926.356
1927.328
1928.488
1929.733
1931.034
1932.500
1933.923
1935.638
1937.246
1938.992
1940.708
1942.446
1944.036
1945.690
1947.189
1948.727
1950.407
1952.044
1953.819
1955.406
1956.943
1958.242
1959.562
1960.618
1961.724
1962.928
1964.276
1965.682
1967.058
1968.388
1969.689
1970.595
1972.280
1973.297
1974.202
1975.097
1976.383
1977.572
1978.769
1979.927
1981.005
1981.915
1982.907
1983.829
1984.990
1986.037
1987.279
1988.441
1989.628
1990.880
1992.197
1993.586
1995.114
1996.629
1998.454
2000.163
2001.825
2003.504
2005.305
2007.067
2008.896
2010.865
2012.688
2014.557
2016.419
2018.280
2020.018
2021.844
2023.637
2025.267
2026.959
2028.467
2029.807
2031.083
2032.390
2033.563
2034.554
2035.520
2036.239
2036.699
2037.015
2037.015
2037.295
2037.596
2038.132
2038.966
2039.951
2041.097
2042.496
2043.977
2045.578
2047.381
2049.228
2051.211
2053.198
2055.322
2057.385
2059.385
2061.497
2063.593
2065.577
2067.448
2069.427
2071.328
2073.148
2074.862
2076.535
2078.079
2079.693
2081.078
2082.539
2083.939
2085.542
2086.868
2088.127
2089.429
2090.679
2091.894
2093.086
2094.227
2095.343
2096.457
2097.510
2098.593
2099.619
2100.717
2101.778
2102.839
2103.956
2105.135
2106.368
2107.626
2108.852
2109.902
2111.410
2112.515
2113.793
2115.016
2116.066
2117.082
2117.972
2119.108
2120.159
2121.189
2122.198
2123.094
2124.106
2124.897
2125.703
2126.483
2127.209
2128.203
2128.891
2129.501
2130.202
2130.900
2131.562
2132.129
2132.630
2133.235
2133.795
2134.318
2135.235
2135.775
2136.185
2136.533
2136.945
2137.380
2137.787
2138.203
2138.692
2139.273
2139.800
2140.257
2140.728
2141.171
2141.672
2142.282
2143.003
2143.772
2144.634
2145.491
2146.443
2147.447
2148.458
2149.444
2150.848
2151.721
2152.609
2153.375
2153.968
2154.388
2154.692
2155.008
2155.453
2156.103
2156.681
2157.325
2158.186
2158.869
2159.630
2160.538
2161.493
2162.740
2164.322
2165.864
2167.297
2168.811
2170.177
2171.922
2173.354
2174.976
2176.505
2178.268
2179.776
2181.436
2183.056
2184.693
2186.154
2187.569
2189.038
2190.335
2191.588
2193.002
2194.280
2195.587
2196.813
2197.890
2198.853
2199.820
2200.624
2201.122
2201.764
2202.337
2203.001
2204.190
2204.959
2205.712
2206.456
2207.259
2207.801
2208.202
2208.696
2209.099
2209.636
2210.272
2210.977
2211.676
2212.458
2213.377
2214.296
2215.223
2216.231
2217.393
2218.578
2219.879
2221.513
2223.024
2224.638
2226.153
2227.778
2229.479
2231.131
2232.864
2234.547
2236.233
2237.914
2239.522
2241.195
2242.692
2244.225
2245.684
2246.989
2248.326
2249.313
2250.308
2251.128
2251.650
2251.983
2251.983
2252.212
2252.484
2252.915
2253.595
2254.396
2255.373
2256.565
2257.772
2259.221
2260.679
2262.305
2263.795
2265.516
2267.158
2268.907
2270.805
2272.668
2274.599
2276.563
2278.632
2280.648
2282.542
2284.599
2286.571
2288.509
2290.316
2292.071
2293.629
2295.164
2296.700
2298.244
2299.607
2300.857
2302.146
2303.188
2304.211
2305.355
2306.370
2307.373
2308.326
2309.250
2310.127
2311.010
2311.911
2312.812
2313.810
2314.804
2315.645
2316.601
2317.479
2318.361
2319.170
2320.010
2320.861
2321.461
2322.517
2323.315
2324.001
2324.801
2325.661
2326.379
2326.946
2327.475
2328.177
2328.937
2329.617
2330.347
2331.353
2332.512
2333.387
2334.279
2335.105
2335.979
2336.744
2337.593
2338.329
2338.929
2339.560
2340.272
2340.937
2341.580
2342.141
2342.677
2343.237
2343.812
2344.411
2345.068
2345.682
2346.256
2346.809
2347.461
2348.155
2348.770
2349.395
2349.982
2350.492
2351.047
2351.628
2352.204
2352.807
2353.471
2354.226
2354.980
2355.674
2356.320
2356.966
2357.673
2358.316
2358.904
2359.400
2359.859
2360.130
2360.803
2360.803
2361.146
2361.864
2362.474
2363.150
2364.006
2364.920
2365.956
2367.061
2368.282
2369.592
2370.808
2372.176
2373.557
2375.036
2376.589
2378.040
2379.587
2381.124
2382.611
2384.182
2385.668
2387.100
2388.602
2389.954
2391.419
2392.771
2394.162
2395.601
2396.911
2398.280
2399.555
2400.699
2401.843
2402.766
2403.653
2404.730
2405.566
2406.629
2407.748
2409.273
2410.557
2411.507
2412.292
2412.887
2413.360
2413.925
2414.532
2415.209
2415.947
2416.679
2417.469
2418.288
2419.094
2419.922
2420.840
2421.755
2422.729
2423.761
2424.807
2426.231
2427.414
2428.759
2429.986
2431.341
2432.603
2434.098
2435.501
2437.049
2438.662
2440.212
2441.772
2443.362
2444.839
2446.292
2447.637
2448.999
2450.243
2451.488
2452.580
2453.628
2454.493
2455.281
2456.000
2456.552
2456.956
2456.956
2457.166
2457.424
2457.842
2458.464
2459.223
2460.128
2461.246
2462.312
2463.538
2464.764
2466.092
2467.421
2468.890
2470.232
2471.742
2473.160
2474.729
2476.218
2477.767
2479.350
2480.894
2482.514
2483.985
2485.480
2486.975
2488.409
2489.744
2491.018
2492.292
2493.516
2494.898
2495.935
2496.975
2498.040
2498.994
2499.879
2500.686
2501.595
2502.407
2503.208
2503.737
2504.290
2504.845
2505.398
2505.876
2506.307
2506.846
2507.389
2508.079
2508.888
2509.701
2510.377
2511.009
2511.942
2512.819
2513.688
2514.467
2515.138
2516.256
2517.263
2518.394
2519.372
2520.551
2521.655
2522.760
2523.774
2524.717
2525.596
2526.519
2527.398
2528.726
2529.615
2530.519
2531.481
2532.321
2533.352
2534.203
2535.114
2535.905
2536.702
2537.499
2538.230
2538.997
2539.816
2540.635
2541.415
2542.110
2542.800
2543.500
2544.141
2544.763
2545.325
2545.965
2546.596
2547.178
2547.851
2548.643
2549.391
2550.115
2550.828
2551.501
2552.081
2552.674
2553.239
2553.863
2554.386
2554.858
2555.289
2555.615
2555.888
2556.191
2556.491
2556.864
2557.269
2557.847
2558.540
2559.287
2560.032
2560.810
2561.634
2562.507
2563.580
2564.650
2565.754
2566.943
2568.144
2569.402
2570.841
2572.254
2573.732
2574.968
2576.216
2577.477
2578.755
2580.121
2581.396
2582.814
2584.198
2585.544
2586.692
2587.785
2588.879
2589.952
2591.143
2592.426
2593.819
2595.090
2596.255
2597.295
2598.277
2599.287
2600.344
2601.220
2602.230
2602.865
2603.953
2604.816
2605.870
2606.705
2607.502
2608.349
2609.133
2609.854
2610.622
2611.381
2612.171
2612.956
2613.944
2614.987
2616.042
2617.233
2618.296
2619.420
2620.570
2621.704
2622.959
2624.189
2625.891
2627.186
2628.615
2630.058
2631.518
2632.906
2634.423
2635.850
2637.305
2638.743
2640.213
2641.805
2643.158
2644.588
2645.898
2647.276
2648.466
2649.747
2650.855
2651.901
2652.901
2653.783
2654.507
2655.180
2655.745
2656.243
2656.642
2656.916
2657.139
2657.139
2657.530
2657.735
2657.944
2658.425
2659.111
2660.045
2660.891
2661.909
2662.910
2664.107
2665.209
2666.512
2667.858
2669.369
2670.727
2672.366
2673.870
2675.420
2677.003
2678.494
2680.081
2681.558
2683.057
2684.516
2686.011
2687.486
2688.816
2690.098
2691.273
2692.524
2693.636
2694.665
2695.704
2696.652
2697.653
2698.531
2699.385
2700.213
2701.310
2702.210
2703.075
2703.952
2704.733
2705.453
2706.186
2706.879
2707.659
2708.456
2709.246
2709.976
2710.760
2711.679
2712.631
2713.791
2714.723
2715.624
2716.504
2717.535
2718.528
2719.525
2720.480
2721.516
2722.713
2723.593
2724.617
2725.472
2726.616
2727.563
2728.463
2729.395
2730.359
2731.168
2732.291
2733.280
2734.324
2735.302
2736.257
2737.163
2738.059
2738.860
2739.663
2740.742
2741.383
2742.019
2742.652
2743.292
2743.876
2744.385
2744.871
2745.284
2745.690
2746.154
2746.657
2747.184
2747.675
2748.181
2748.635
2749.157
2749.713
2750.356
2750.995
2751.599
2752.238
2752.931
2753.674
2754.379
2755.113
2755.945
2756.778
2757.604
2758.337
2759.100
2759.951
2760.761
2761.474
2762.059
2762.701
2763.167
2763.511
2763.727
2763.727
2764.080
2764.380
2764.784
2765.309
2765.992
2766.743
2767.615
2768.522
2769.559
2770.726
2771.940
2773.258
2774.638
2776.173
2777.739
2779.393
2780.912
2782.393
2783.868
2785.254
2786.574
2788.013
2789.643
2791.301
2793.166
2794.790
2796.251
2798.085
2799.295
2800.362
2801.284
2802.305
2803.443
2804.315
2805.747
2807.219
2808.194
2809.208
2809.923
2810.798
2811.771
2812.458
2813.342
2813.762
2814.268
2814.871
2815.471
2816.220
2816.949
2817.565
2818.066
2818.481
2818.908
2819.337
2819.771
2820.201
2820.658
2821.139
2821.654
2822.191
2822.764
2823.296
2823.777
2824.672
2825.313
2825.952
2826.623
2827.284
2828.018
2828.645
2829.272
2829.976
2830.631
2831.274
2831.845
2832.411
2832.923
2833.362
2833.764
2834.102
2834.472
2834.831
2835.188
2835.530
2835.825
2836.088
2836.431
2836.827
2837.169
2837.618
2838.194
2838.806
2839.439
2840.203
2841.037
2841.821
2842.657
2843.652
2844.615
2845.634
2846.616
2847.742
2848.944
2850.091
2851.470
2852.796
2854.161
2855.522
2857.065
2858.609
2860.062
2861.565
2862.862
2864.220
2865.490
2866.757
2867.947
2869.049
2870.218
2871.232
2872.406
2873.404
2874.289
2875.174
2875.993
2876.779
2877.454
2878.104
2878.740
2879.312
2879.934
2880.501
2880.976
2881.469
2881.986
2882.596
2883.179
2883.737
2884.255
2884.950
2885.656
2886.589
2887.473
2888.191
2888.873
2889.517
2890.526
2891.172
2891.998
2892.833
2893.448
2894.065
2894.823
2895.487
2896.289
2897.063
2897.851
2899.058
2899.734
2900.406
2901.211
2902.370
2903.022
2903.589
2904.252
2904.835
2905.477
2906.134
2906.835
2907.443
2908.096
2908.762
2909.300
2909.820
2910.257
2910.690
2911.208
2911.864
2912.568
2913.282
2913.937
2914.542
2915.061
2915.694
2916.205
2916.707
2917.184
2917.664
2918.114
2918.530
2919.046
2919.519
2919.890
2920.193
2920.495
2920.781
2921.093
2921.406
2921.729
2922.280
2922.749
2923.251
2923.704
2924.068
2924.371
2924.792
2925.287
2925.873
2926.647
2927.587
2928.726
2929.833
2931.080
2932.316
2933.500
2934.619
2935.797
2936.991
2938.368
2939.784
2941.349
2942.860
2944.378
2945.861
2947.447
2948.936
2950.462
2951.876
2953.253
2954.692
2956.193
2957.642
2959.108
2960.418
2961.643
2962.785
2963.742
2964.723
2965.897
2967.329
2968.602
2969.854
2970.994
2971.976
2972.826
2973.765
2974.613
2975.751
2977.043
2978.142
2979.353
2980.191
2981.052
2982.002
2982.994
2983.970
2984.910
2985.917
2986.705
2987.529
2988.341
2989.333
2990.344
2991.461
2992.562
2993.730
2994.985
2996.217
2997.411
2998.665
3000.060
3001.358
3002.832
3004.589
3006.119
3007.875
3009.512
3011.274
3013.155
3015.036
3016.905
3018.901
3020.995
3023.179
3025.505
3027.817
3030.231
3032.723
3035.184
3037.759
3040.332
3042.874
3045.365
3047.700
3049.854
3051.962
3054.090
3055.726
3057.331
3058.513
3059.724
3060.503
3061.019
3061.321
3061.321
3061.321
3061.654
3062.150
3062.954
3064.032
3065.094
3066.526
3068.064
3069.673
3071.161
3072.839
3074.410
3076.124
3077.796
3079.428
3081.152
3082.663
3084.396
3086.037
3087.656
3089.295
3090.913
3092.554
3094.180
3095.752
3097.364
3098.862
3100.347
3101.658
3103.102
3104.441
3105.673
3106.890
3108.183
3109.346
3110.493
3111.793
3112.832
3113.941
3114.902
3115.894
3116.915
3117.896
3118.842
3119.796
3120.820
3121.886
3122.912
3123.977
3125.029
3126.026
3127.175
3128.367
3129.551
3130.839
3131.963
3133.203
3134.408
3135.553
3136.760
3138.014
3139.213
3140.691
3142.108
3143.225
3144.588
3146.456
3147.516
3148.826
3150.131
3151.325
3152.470
3153.590
3154.878
3156.617
3157.874
3159.253
3160.503
3161.595
3162.964
3164.117
3165.043
3165.689
3166.349
3167.029
3167.670
3168.400
3168.897
3169.234
3169.524
3169.851
3170.233
3170.590
3171.024
3171.584
3172.020
3172.446
3173.215
3173.691
3174.325
3174.926
3175.616
3176.293
3177.038
3177.739
3178.948
3179.427
3180.239
3181.628
3182.554
3183.661
3185.463
3187.108
3188.729
3190.433
3192.092
3194.216
3195.843
3197.553
3199.136
3200.717
3202.355
3203.942
3205.549
3207.175
3208.619
3210.129
3211.578
3212.961
3214.331
3215.655
3216.866
3217.887
3218.772
3219.518
3220.197
3220.887
3221.474
3221.996
3222.547
3223.222
3223.873
3224.512
3225.189
3225.913
3226.600
3227.186
3227.936
3228.713
3229.316
3229.921
3230.589
3231.180
3231.651
3232.087
3232.707
3233.353
3234.015
3234.558
3235.081
3235.690
3236.321
3237.065
3237.830
3238.669
3239.560
3240.416
3241.498
3242.537
3243.641
3244.962
3246.052
3247.282
3248.548
3249.622
3250.805
3252.070
3253.113
3254.104
3255.073
3256.101
3257.088
3257.919
3258.743
3259.499
3260.279
3260.993
3261.747
3262.542
3263.265
3264.095
3264.906
3265.749
3266.699
3267.573
3268.376
3269.205
3270.117
3271.114
3272.131
3273.268
3274.268
3275.345
3276.541
3277.720
3278.972
3280.206
3281.658
3283.175
3284.919
3286.723
3288.624
3290.548
3292.556
3294.428
3296.075
3297.739
3299.278
3300.850
3302.374
3304.136
3305.922
3308.358
3310.170
3312.054
3313.456
3315.214
3317.367
3319.129
3320.859
3322.948
3325.467
3328.025
3330.749
3333.471
3336.042
3338.386
3340.735
3342.908
3345.506
3348.293
3351.267
3354.275
3357.198
3359.936
3362.269
3364.258
3366.118
3367.803
3369.519
3371.309
3373.596
3375.906
3378.375
3380.823
3383.367
3385.838
3388.119
3390.016
3391.777
3393.433
3395.313
3397.579
3400.496
3403.610
3406.967
3410.479
3414.246
3418.222
3422.114
3426.239
3430.497
3434.749
3439.553
3444.169
3448.713
3453.474
3458.156
3462.906
3467.717
3472.549
3477.290
3482.149
3486.803
3491.364
3495.759
3500.155
3504.471
3508.690
3512.921
3517.577
3521.617
3525.748
3529.825
3533.825
3537.852
3541.660
3545.559
3549.436
3553.157
3556.957
3560.597
3564.309
3568.027
3571.542
3575.038
3578.340
3581.635
3584.891
3587.946
3591.017
3594.008
3596.749
3599.407
3601.917
3604.221
3606.354
3608.342
3610.174
3611.715
3613.120
3614.527
3615.742
3616.946
3617.990
3619.259
3620.254
3621.484
3622.708
3623.978
3625.246
3626.676
3627.983
3629.477
3630.732
3632.074
3633.471
3634.704
3635.939
3637.141
3638.229
3639.299
3639.995
3641.321
3642.158
3643.020
3643.732
3644.474
3645.231
3645.878
3646.486
3647.095
3647.715
3648.266
3648.803
3649.284
3649.760
3650.105
3650.443
3650.831
3651.230
3651.630
3652.031
3652.411
3652.765
3653.100
3653.494
3653.883
3654.308
3654.841
3655.293
3655.698
3656.093
3656.498
3656.909
3657.314
3657.791
3658.251
3658.625
3658.964
3659.314
3659.729
3660.057
3660.350
3660.578
3660.578
3660.990
3661.348
3661.810
3662.368
3663.136
3664.024
3665.194
3666.334
3667.727
3669.173
3670.743
3672.442
3674.204
3675.929
3677.663
3679.430
3681.182
3682.738
3684.465
3686.049
3687.424
3688.933
3690.322
3691.534
3692.667
3693.806
3694.768
3695.774
3696.561
3697.419
3698.182
3698.853
3699.531
3700.258
3700.874
3701.366
3701.919
3702.509
3703.014
3703.523
3704.122
3704.805
3705.486
3706.072
3706.696
3707.361
3708.151
3708.881
3709.563
3710.272
3710.945
3711.591
3712.206
3712.829
3713.366
3713.783
3714.243
3714.600
3714.911
3715.138
3715.369
3715.623
3715.907
3716.220
3716.528
3716.809
3717.070
3717.386
3717.737
3718.120
3718.493
3718.879
3719.263
3719.607
3720.032
3720.418
3720.999
3721.600
3722.138
3722.636
3723.140
3723.661
3724.138
3724.645
3725.153
3725.621
3726.028
3726.452
3726.848
3727.236
3727.666
3728.145
3728.606
3729.054
3729.504
3729.984
3730.523
3731.070
3731.595
3732.218
3733.072
3733.751
3734.476
3735.316
3736.126
3736.917
3737.849
3738.708
3739.470
3740.385
3741.265
3742.030
3743.029
3743.832
3744.680
3745.513
3746.378
3747.140
3748.014
3748.816
3749.557
3750.329
3751.187
3751.895
3752.502
3753.243
3753.843
3754.344
3754.860
3755.437
3755.991
3756.473
3756.953
3757.386
3757.902
3758.461
3758.814
3759.253
3759.588
3760.042
3760.485
3760.790
3761.055
3761.315
3761.315
3761.677
3761.677
3762.121
3762.389
3762.682
3762.978
3763.260
3763.488
3763.730
3764.005
3764.347
3764.752
3765.135
3765.480
3765.858
3766.197
3766.583
3766.922
3767.262
3767.682
3768.094
3768.552
3768.919
3769.303
3769.719
3770.178
3770.663
3771.118
3771.663
3772.090
3772.487
3772.868
3773.255
3773.635
3774.043
3774.374
3774.661
3774.941
3775.174
3775.422
3775.637
3775.637
3775.975
3776.176
3776.176
3776.534
3776.777
3777.042
3777.313
3777.609
3777.918
3778.231
3778.599
3778.976
3779.358
3779.725
3780.084
3780.501
3781.059
3781.661
3782.232
3782.773
3783.332
3783.931
3784.512
3785.060
3785.546
3786.084
3786.624
3787.113
3787.588
3788.089
3788.598
3789.069
3789.528
3789.957
3790.378
3790.746
3791.058
3791.391
3791.738
3792.095
3792.548
3792.959
3793.395
3793.884
3794.304
3794.763
3795.264
3795.848
3796.509
3797.198
3797.822
3798.432
3799.182
3799.970
3800.662
3801.343
3801.997
3802.739
3803.515
3804.311
3805.022
3805.717
3806.420
3807.202
3807.999
3808.767
3809.535
3810.264
3811.157
3811.974
3812.768
3813.555
3814.432
3815.141
3815.897
3816.845
3817.597
3818.297
3819.158
3820.027
3820.729
3821.454
3822.313
3823.003
3823.754
3824.617
3825.294
3825.903
3826.738
3827.334
3827.834
3828.364
3829.009
3829.548
3829.964
3830.375
3830.782
3831.212
3831.600
3831.930
3832.222
3832.478
3832.768
3833.044
3833.290
3833.573
3833.834
3834.087
3834.437
3834.726
3835.072
3835.455
3835.801
3836.171
3836.599
3837.098
3837.576
3838.127
3838.756
3839.369
3839.948
3840.563
3841.212
3841.968
3842.660
3843.426
3844.157
3844.769
3845.518
3846.268
3847.105
3847.861
3848.530
3849.316
3850.166
3850.866
3851.686
3852.498
3853.196
3853.953
3854.673
3855.310
3855.879
3856.498
3857.158
3857.809
3858.472
3859.173
3859.824
3860.374
3860.928
3861.533
3862.114
3862.589
3863.059
3863.478
3863.959
3864.442
3864.842
3865.210
3865.567
3865.919
3866.263
3866.599
3866.911
3867.194
3867.443
3867.656
3867.656
3868.030
3868.030
3868.363
3868.363
3868.674
3868.674
3869.052
3869.289
3869.549
3869.789
3870.089
3870.456
3870.824
3871.173
3871.503
3871.794
3872.075
3872.306
3872.603
3872.846
3873.056
3873.056
3873.416
3873.416
3873.692
3873.692
3873.956
3873.956
3874.262
3874.262
3874.592
3874.798
3875.036
3875.272
3875.549
3875.800
3876.083
3876.339
3876.638
3876.959
3877.342
3877.715
3878.105
3878.512
3878.956
3879.520
3880.114
3880.613
3881.133
3881.746
3882.375
3882.822
3883.283
3883.685
3884.068
3884.465
3884.907
3885.313
3885.656
3886.053
3886.455
3886.812
3887.174
3887.513
3887.787
3888.058
3888.339
3888.606
3888.890
3889.179
3889.441
3889.712
3890.103
3890.394
3890.683
3890.988
3891.255
3891.546
3891.849
3892.204
3892.608
3893.085
3893.581
3894.066
3894.569
3895.041
3895.590
3896.252
3896.881
3897.523
3898.206
3898.994
3899.801
3900.556
3901.427
3902.312
3903.186
3903.940
3904.842
3905.869
3906.760
3907.670
3908.809
3909.738
3910.761
3911.874
3912.786
3913.946
3914.908
3916.048
3917.009
3918.053
3919.089
3919.980
3921.081
3921.860
3922.737
3923.607
3924.302
3925.209
3925.991
3926.655
3927.403
3928.161
3928.728
3929.244
3929.816
3930.339
3930.754
3931.092
3931.413
3931.724
3932.043
3932.371
3932.668
3932.917
3933.139
3933.139
3933.526
3933.730
3933.951
3934.212
3934.462
3934.849
3935.185
3935.551
3935.947
3936.425
3936.985
3937.517
3938.139
3938.877
3939.574
3940.292
3941.118
3941.962
3942.891
3943.780
3944.618
3945.507
3946.521
3947.534
3948.396
3949.409
3950.426
3951.363
3952.408
3953.336
3954.212
3955.068
3956.043
3956.821
3957.626
3958.426
3959.142
3959.805
3960.429
3961.073
3961.635
3962.231
3962.700
3963.158
3963.663
3964.149
3964.535
3964.903
3965.264
3965.755
3966.234
3966.679
3967.052
3967.426
3967.810
3968.246
3968.694
3969.101
3969.535
3969.937
3970.241
3970.530
3970.750
3970.951
3970.951
3971.382
3971.672
3971.995
3972.291
3972.655
3973.025
3973.420
3973.800
3974.178
3974.599
3975.059
3975.568
3976.050
3976.558
3977.035
3977.560
3978.058
3978.554
3978.980
3979.427
3979.904
3980.385
3980.851
3981.268
3981.652
3982.044
3982.454
3982.835
3983.196
3983.529
3983.832
3984.159
3984.436
3984.711
3984.946
3985.151
3985.151
3985.451
3985.451
3985.719
3985.948
3986.228
3986.578
3986.941
3987.347
3987.740
3988.155
3988.659
3989.258
3989.751
3990.195
3990.572
3990.973
3991.340
3991.678
3991.984
3992.247
3992.543
3992.842
3993.161
3993.493
3993.806
3994.155
3994.505
3994.839
3995.158
3995.457
3995.720
3995.976
3996.208
3996.208
3996.526
3996.526
3996.830
3996.830
3997.224
3997.454
3997.736
3998.034
3998.395
3998.762
3999.188
3999.671
4000.284
4000.908
4001.472
4002.053
4002.718
4003.579
4004.280
4005.031
4005.794
4006.650
4007.408
4008.263
4009.158
4009.953
4010.922
4011.791
4012.512
4013.428
4014.364
4015.112
4016.033
4016.838
4017.584
4018.536
4019.283
4020.056
4020.999
4021.691
4022.385
4023.164
4023.765
4024.457
4025.212
4025.905
4026.527
4027.087
4027.648
4028.168
4028.613
4029.015
4029.420
4029.810
4030.204
4030.535
4030.806
4031.051
4031.263
4031.263
4031.602
4031.602
4031.840
4031.840
4032.059
4032.059
4032.340
4032.626
4032.944
4033.284
4033.588
4033.959
4034.394
4034.952
4035.514
4036.099
4036.709
4037.299
4038.082
4038.852
4039.512
4040.307
4041.242
4042.069
4042.905
4043.831
4044.725
4045.696
4046.655
4047.599
4048.609
4049.523
4050.505
4051.604
4052.613
4053.686
4054.691
4055.657
4056.627
4057.513
4058.578
4059.433
4060.326
4061.237
4061.925
4062.812
4063.688
4064.498
4065.427
4066.225
4067.025
4067.936
4068.782
4069.650
4070.518
4071.330
4072.161
4072.944
4073.552
4074.352
4075.063
4075.583
4076.112
4076.760
4077.278
4077.755
4078.127
4078.514
4078.852
4079.201
4079.477
4079.717
4079.961
4080.245
4080.535
4080.764
4081.082
4081.425
4081.768
4082.099
4082.466
4082.831
4083.208
4083.622
4084.053
4084.490
4084.894
4085.232
4085.579
4085.901
4086.232
4086.554
4086.900
4087.162
4087.410
4087.661
4087.901
4088.114
4088.114
4088.449
4088.449
4088.835
4089.041
4089.321
4089.624
4089.996
4090.408
4090.785
4091.169
4091.583
4092.086
4092.601
4092.999
4093.370
4093.733
4094.122
4094.588
4094.979
4095.406
4095.806
4096.228
4096.646
4097.018
4097.438
4097.858
4098.232
4098.652
4098.986
4099.303
4099.602
4099.903
4100.253
4100.591
4100.961
4101.301
4101.700
4101.983
4102.274
4102.577
4102.849
4103.083
4103.335
4103.612
4103.943
4104.320
4104.740
4105.051
4105.395
4105.763
4106.137
4106.547
4106.979
4107.348
4107.835
4108.280
4108.781
4109.259
4109.809
4110.404
4111.019
4111.697
4112.410
4113.219
4114.076
4114.984
4115.835
4116.746
4117.702
4118.570
4119.437
4120.474
4121.295
4122.255
4123.199
4124.001
4125.039
4125.882
4126.793
4127.751
4128.523
4129.486
4130.298
4131.008
4131.850
4132.667
4133.444
4134.206
4134.984
4135.678
4136.367
4137.090
4137.683
4138.250
4138.901
4139.530
4140.027
4140.507
4140.992
4141.529
4142.010
4142.404
4142.754
4143.105
4143.411
4143.669
4143.900
4143.900
4144.236
4144.236
4144.626
4144.855
4145.140
4145.472
4145.786
4146.122
4146.494
4146.909
4147.343
4147.804
4148.320
4148.811
4149.324
4149.818
4150.347
4151.075
4151.779
4152.449
4153.109
4153.977
4154.814
4155.693
4156.672
4157.574
4158.385
4159.294
4160.034
4160.946
4161.806
4162.488
4163.299
4164.062
4164.663
4165.417
4166.110
4166.700
4167.334
4168.085
4168.733
4169.366
4170.124
4170.838
4171.475
4172.121
4172.885
4173.513
4174.146
4174.891
4175.556
4176.065
4176.681
4177.348
4177.880
4178.354
4178.963
4179.619
4180.134
4180.547
4180.985
4181.483
4181.891
4182.201
4182.456
4182.715
4182.929
4183.136
4183.136
4183.514
4183.734
4183.947
4184.158
4184.372
4184.576
4184.780
4184.780
4185.181
4185.414
4185.640
4185.912
4186.196
4186.520
4186.813
4187.075
4187.410
4187.756
4188.021
4188.269
4188.534
4188.818
4189.158
4189.487
4189.818
4190.100
4190.364
4190.625
4190.825
4190.825
4191.122
4191.122
4191.428
4191.428
4191.704
4191.922
4192.139
4192.397
4192.669
4192.961
4193.247
4193.518
4193.829
4194.118
4194.440
4194.767
4195.105
4195.494
4195.868
4196.279
4196.726
4197.173
4197.603
4198.015
4198.437
4198.823
4199.176
4199.549
4199.985
4200.319
4200.667
4201.031
4201.340
4201.650
4201.975
4202.396
4202.771
4203.150
4203.532
4203.931
4204.387
4204.897
4205.411
4205.873
4206.381
4206.855
4207.401
4207.894
4208.326
4208.799
4209.363
4209.955
4210.502
4211.036
4211.605
4212.165
4212.855
4213.486
4214.082
4214.788
4215.560
4216.260
4216.977
4217.699
4218.465
4219.251
4220.088
4220.942
4221.638
4222.371
4223.252
4224.057
4224.699
4225.415
4226.157
4226.763
4227.263
4227.782
4228.361
4228.926
4229.355
4229.774
4230.271
4230.851
4231.333
4231.772
4232.307
4232.916
4233.487
4233.990
4234.510
4235.000
4235.557
4236.094
4236.579
4237.060
4237.506
4237.935
4238.344
4238.704
4238.984
4239.203
4239.203
4239.631
4239.912
4240.232
4240.591
4241.055
4241.662
4242.266
4242.823
4243.466
4244.223
4245.037
4245.866
4246.636
4247.510
4248.373
4249.200
4250.016
4250.990
4251.902
4252.842
4254.031
4255.038
4256.324
4257.458
4258.729
4259.933
4261.154
4262.344
4263.557
4264.645
4265.766
4266.828
4267.748
4268.696
4269.398
4270.153
4270.855
4271.477
4272.075
4272.650
4273.229
4273.731
4274.133
4274.500
4274.918
4275.390
4275.784
4276.058
4276.336
4276.652
4276.871
4277.083
4277.083
4277.408
4277.408
4277.745
4277.745
4278.122
4278.339
4278.554
4278.779
4279.024
4279.248
4279.248
4279.615
4279.615
4279.910
4279.910
4280.244
4280.244
4280.604
4280.604
4280.993
4280.993
4281.327
4281.327
4281.585
4281.585
4281.820
4281.820
4282.126
4282.349
4282.349
4282.705
4282.918
4283.159
4283.424
4283.755
4284.144
4284.502
4284.899
4285.311
4285.744
4286.114
4286.431
4286.785
4287.187
4287.519
4287.831
4288.177
4288.479
4288.810
4289.128
4289.404
4289.650
4289.905
4290.182
4290.467
4290.750
4291.058
4291.339
4291.650
4291.924
4292.250
4292.520
4292.803
4293.099
4293.392
4293.685
4293.957
4294.275
4294.633
4295.020
4295.421
4295.826
4296.229
4296.622
4296.956
4297.306
4297.634
4298.063
4298.494
4298.906
4299.254
4299.614
4299.951
4300.264
4300.572
4300.942
4301.294
4301.569
4301.866
4302.171
4302.464
4302.846
4303.326
4303.854
4304.403
4304.972
4305.539
4306.188
4306.887
4307.466
4308.112
4308.838
4309.612
4310.353
4310.974
4311.613
4312.331
4313.084
4313.749
4314.430
4315.249
4315.954
4316.593
4317.332
4318.108
4318.799
4319.420
4320.071
4320.722
4321.354
4321.910
4322.499
4323.092
4323.574
4324.006
4324.455
4324.933
4325.435
4325.801
4326.212
4326.626
4327.074
4327.488
4327.871
4328.193
4328.460
4328.709
4328.960
4329.198
4329.416
4329.416
4329.821
4330.052
4330.052
4330.405
4330.405
4330.623
4330.623
4330.623
4331.004
4331.288
4331.636
4331.965
4332.296
4332.740
4333.349
4334.074
4334.795
4335.476
4336.213
4337.112
4337.911
4338.743
4339.659
4340.495
4341.317
4342.357
4343.345
4344.403
4345.557
4346.667
4347.947
4349.168
4350.555
4351.747
4353.139
4354.440
4355.761
4357.079
4358.429
4359.770
4361.009
4362.478
4363.787
4365.128
4366.374
4367.660
4368.784
4370.029
4371.182
4372.339
4373.263
4374.321
4375.214
4376.192
4377.022
4377.831
4378.732
4379.518
4380.268
4381.028
4381.679
4382.293
4382.971
4383.648
4384.254
4384.816
4385.461
4385.973
4386.460
4387.007
4387.424
4387.857
4388.363
4388.843
4389.352
4389.766
4390.166
4390.556
4390.910
4391.290
4391.603
4391.954
4392.302
4392.601
4392.973
4393.211
4393.445
4393.665
4393.936
4394.164
4394.396
4394.396
4394.766
4394.766
4395.027
4395.027
4395.238
4395.238
4395.459
4395.459
4395.681
4395.681
4396.094
4396.343
4396.621
4396.876
4397.161
4397.482
4397.845
4398.127
4398.413
4398.742
4399.090
4399.385
4399.699
4399.944
4400.166
4400.166
4400.513
4400.513
4400.794
4400.794
4401.076
4401.076
4401.467
4401.755
4402.061
4402.418
4402.784
4403.107
4403.415
4403.778
4404.111
4404.465
4404.887
4405.312
4405.795
4406.198
4406.687
4407.206
4407.720
4408.257
4408.748
4409.197
4409.791
4410.353
4410.903
4411.323
4411.787
4412.310
4412.896
4413.399
4413.860
4414.355
4414.861
4415.277
4415.717
4416.065
4416.527
4416.898
4417.274
4417.731
4418.245
4418.922
4419.575
4420.226
4420.931
4421.676
4422.456
4423.291
4424.128
4424.885
4425.686
4426.448
4427.264
4428.006
4428.800
4429.444
4430.210
4431.032
4431.775
4432.486
4433.267
4434.085
4434.745
4435.347
4436.049
4436.734
4437.385
4438.027
4438.752
4439.425
4439.926
4440.587
4441.275
4441.853
4442.339
4442.987
4443.649
4444.173
4444.641
4445.198
4445.774
4446.222
4446.562
4446.896
4447.241
4447.588
4447.892
4448.177
4448.399
4448.399
4448.696
4448.696
4449.014
4449.244
4449.244
4449.664
4449.903
4450.104
4450.354
4450.642
4450.945
4451.320
4451.716
4452.158
4452.662
4453.178
4453.707
4454.188
4454.671
4455.267
4455.950
4456.664
4457.341
4458.036
4458.867
4459.644
4460.449
4461.338
4462.186
4462.905
4463.758
4464.747
4465.507
4466.310
4467.250
4467.974
4468.803
4469.649
4470.401
4471.181
4471.987
4472.594
4473.154
4473.832
4474.444
4474.876
4475.334
4475.744
4476.183
4476.637
4477.048
4477.410
4477.723
4478.053
4478.327
4478.660
4479.051
4479.372
4479.719
4480.064
4480.359
4480.661
4480.891
4481.121
4481.344
4481.344
4481.751
4481.751
4482.073
4482.073
4482.432
4482.432
4482.758
4482.758
4483.071
4483.071
4483.421
4483.421
4483.799
4483.799
4484.213
4484.435
4484.642
4484.861
4484.861
4485.216
4485.216
4485.521
4485.521
4485.845
4485.845
4486.107
4486.107
4486.343
4486.343
4486.549
4486.549
4486.549
4486.856
4486.856
4487.150
4487.383
4487.634
4487.913
4488.234
4488.484
4488.765
4489.024
4489.301
4489.618
4489.927
4490.235
4490.540
4490.852
4491.126
4491.436
4491.738
4492.014
4492.290
4492.657
4493.005
4493.344
4493.678
4494.024
4494.463
4494.889
4495.322
4495.782
4496.247
4496.724
4497.178
4497.658
4498.123
4498.633
4499.172
4499.791
4500.432
4501.001
4501.599
4502.394
4503.142
4503.887
4504.631
4505.381
4506.010
4506.739
4507.480
4508.145
4508.717
4509.369
4509.981
4510.579
4511.167
4511.759
4512.381
4513.070
4513.633
4514.120
4514.716
4515.349
4516.096
4516.745
4517.305
4517.934
4518.627
4519.323
4520.073
4520.795
4521.522
4522.362
4523.204
4524.041
4524.789
4525.805
4526.739
4527.473
4528.302
4529.219
4529.990
4530.760
4531.533
4532.291
4532.984
4533.615
4534.330
4534.984
4535.492
4535.989
4536.574
4537.144
4537.717
4538.228
4538.644
4539.068
4539.545
4540.056
4540.518
4540.921
4541.279
4541.626
4541.866
4541.866
4542.147
4542.147
4542.147
4542.374
4542.588
4542.893
4543.219
4543.574
4544.060
4544.679
4545.305
4545.816
4546.446
4547.238
4548.025
4548.698
4549.386
4550.179
4550.825
4551.487
4552.343
4553.144
4553.861
4554.730
4555.702
4556.529
4557.472
4558.429
4559.468
4560.522
4561.458
4562.523
4563.673
4564.909
4566.017
4567.244
4568.472
4569.537
4570.688
4571.711
4572.831
4573.775
4574.808
4575.792
4576.724
4577.672
4578.405
4579.114
4579.898
4580.534
4581.067
4581.518
4581.974
4582.359
4582.698
4582.994
4583.305
4583.662
4583.970
4584.353
4584.687
4585.052
4585.394
4585.718
4586.123
4586.472
4586.917
4587.394
4587.837
4588.262
4588.683
4589.106
4589.498
4589.857
4590.161
4590.462
4590.782
4591.038
4591.276
4591.493
4591.754
4592.011
4592.246
4592.246
4592.597
4592.817
4592.817
4593.092
4593.092
4593.447
4593.447
4593.824
4594.026
4594.264
4594.506
4594.728
4595.036
4595.394
4595.726
4596.075
4596.354
4596.682
4597.013
4597.328
4597.683
4598.072
4598.406
4598.628
4598.877
4599.157
4599.157
4599.508
4599.508
4599.724
4599.724
4599.724
4599.724
4599.724
4600.023
4600.023
4600.356
4600.356
4600.758
4601.077
4601.478
4601.897
4602.364
4602.881
4603.393
4603.975
4604.487
4605.111
4605.832
4606.503
4607.101
4607.675
4608.368
4609.092
4609.722
4610.279
4610.880
4611.532
4612.195
4612.890
4613.420
4614.047
4614.778
4615.426
4615.974
4616.595
4617.313
4617.926
4618.564
4619.310
4619.975
4620.652
4621.354
4622.155
4622.797
4623.336
4623.984
4624.674
4625.333
4625.944
4626.501
4627.065
4627.611
4628.171
4628.736
4629.341
4629.891
4630.424
4631.038
4631.722
4632.388
4633.058
4633.696
4634.343
4634.981
4635.582
4636.192
4636.875
4637.590
4638.200
4638.838
4639.455
4640.160
4640.696
4641.175
4641.684
4642.158
4642.624
4643.063
4643.462
4643.822
4644.210
4644.673
4645.135
4645.552
4645.879
4646.123
4646.388
4646.666
4646.956
4647.184
4647.184
4647.511
4647.511
4647.511
4647.511
4647.511
4647.796
4648.048
4648.302
4648.597
4648.920
4649.249
4649.653
4650.207
4650.691
4651.199
4651.670
4652.184
4652.727
4653.328
4653.872
4654.410
4655.114
4655.861
4656.635
4657.423
4658.265
4659.234
4660.139
4661.096
4662.094
4663.070
4664.312
4665.167
4666.358
4667.264
4668.266
4669.234
4670.015
4671.013
4671.792
4672.535
4673.258
4673.901
4674.412
4674.994
4675.568
4676.094
4676.591
4677.031
4677.379
4677.779
4678.192
4678.537
4678.896
4679.152
4679.417
4679.719
4680.046
4680.375
4680.774
4681.021
4681.324
4681.534
4681.744
4681.744
4682.123
4682.123
4682.566
4682.566
4682.938
4682.938
4683.313
4683.520
4683.520
4683.886
4683.886
4684.271
4684.271
4684.614
4684.614
4684.880
4684.880
4685.103
4685.103
4685.315
4685.315
4685.553
4685.553
4685.887
4685.887
4686.122
4686.122
4686.441
4686.441
4686.778
4686.989
4687.197
4687.430
4687.654
4687.881
4688.113
4688.321
4688.545
4688.790
4689.121
4689.492
4689.857
4690.190
4690.601
4691.014
4691.544
4692.010
4692.467
4692.907
4693.470
4694.030
4694.522
4695.005
4695.521
4696.054
4696.513
4696.965
4697.408
4697.853
4698.270
4698.656
4699.100
4699.446
4699.840
4700.188
4700.488
4700.834
4701.181
4701.539
4701.900
4702.317
4702.660
4703.038
4703.436
4703.859
4704.263
4704.726
4705.266
4705.785
4706.337
4706.818
4707.277
4707.689
4707.986
4708.242
4708.498
4708.754
4708.992
4709.222
4709.222
4709.551
4709.551
4709.902
4710.122
4710.122
4710.557
4710.832
4711.075
4711.356
4711.706
4712.071
4712.491
4712.920
4713.358
4713.873
4714.278
4714.714
4715.119
4715.572
4716.023
4716.454
4716.853
4717.237
4717.707
4718.101
4718.480
4718.834
4719.174
4719.476
4719.810
4720.152
4720.581
4720.950
4721.343
4721.671
4721.931
4722.171
4722.464
4722.748
4723.068
4723.368
4723.689
4723.972
4724.229
4724.461
4724.722
4725.001
4725.268
4725.560
4725.817
4726.074
4726.356
4726.592
4726.812
4727.030
4727.030
4727.331
4727.331
4727.331
4727.556
4727.556
4727.987
4728.319
4728.734
4729.228
4729.770
4730.241
4730.720
4731.220
4731.868
4732.579
4733.183
4733.792
4734.461
4735.291
4735.944
4736.639
4737.391
4738.230
4738.939
4739.723
4740.625
4741.502
4742.318
4743.320
4744.295
4745.221
4746.158
4747.052
4748.055
4748.996
4749.761
4750.770
4751.613
4752.344
4753.180
4753.898
4754.532
4755.208
4755.908
4756.444
4756.891
4757.443
4757.980
4758.469
4758.884
4759.294
4759.830
4760.371
4760.807
4761.266
4761.715
4762.153
4762.593
4763.007
4763.412
4763.819
4764.167
4764.503
4764.808
4765.063
4765.383
4765.651
4765.923
4766.171
4766.398
4766.633
4766.841
4767.053
4767.053
4767.426
4767.706
4767.951
4768.215
4768.455
4768.680
4768.680
4769.055
4769.055
4769.415
4769.415
4769.838
4769.838
4770.176
4770.176
4770.486
4770.486
4770.800
4771.015
4771.015
4771.408
4771.408
4771.795
4771.795
4772.245
4772.524
4772.863
4773.133
4773.430
4773.659
4773.890
4774.184
4774.487
4774.836
4775.137
4775.457
4775.731
4776.044
4776.392
4776.719
4776.989
4777.295
4777.585
4777.917
4778.239
4778.599
4778.957
4779.374
4779.796
4780.309
4780.840
4781.366
4781.834
4782.412
4783.023
4783.547
4784.038
4784.586
4785.211
4785.756
4786.270
4786.820
4787.403
4787.984
4788.601
4789.196
4789.766
4790.419
4791.062
4791.639
4792.321
4793.182
4793.842
4794.574
4795.479
4796.201
4797.027
4797.903
4798.682
4799.643
4800.557
4801.254
4802.132
4803.031
4803.756
4804.642
4805.536
4806.246
4807.143
4807.949
4808.795
4809.835
4810.729
4811.578
4812.628
4813.509
4814.602
4815.535
4816.598
4817.581
4818.477
4819.579
4820.568
4821.496
4822.493
4823.311
4824.242
4825.024
4825.834
4826.702
4827.425
4828.076
4828.769
4829.558
4830.189
4830.801
4831.500
4832.173
4832.750
4833.462
4834.212
4834.914
4835.593
4836.287
4836.987
4837.559
4838.096
4838.750
4839.390
4839.960
4840.435
4840.863
4841.251
4841.589
4841.871
4841.871
4842.192
4842.192
4842.591
4842.851
4843.188
4843.565
4844.015
4844.534
4845.091
4845.691
4846.362
4847.033
4847.665
4848.331
4849.130
4849.922
4850.748
4851.577
4852.521
4853.321
4854.232
4855.371
4856.363
4857.562
4858.649
4860.030
4861.222
4862.626
4863.827
4865.225
4866.392
4867.777
4868.879
4870.258
4871.384
4872.543
4873.652
4874.802
4875.840
4876.920
4877.939
4878.849
4879.787
4880.717
4881.539
4882.458
4883.182
4883.867
4884.582
4885.359
4885.996
4886.591
4887.299
4887.959
4888.440
4888.984
4889.582
4890.111
4890.583
4891.047
4891.515
4892.010
4892.463
4892.861
4893.160
4893.497
4893.849
4894.184
4894.526
4894.804
4894.804
4895.172
4895.172
4895.537
4895.537
4895.825
4895.825
4896.165
4896.387
4896.387
4896.732
4896.732
4897.066
4897.066
4897.359
4897.359
4897.711
4897.942
4898.201
4898.527
4898.881
4899.637
4900.080
4900.554
4901.027
4901.613
4902.225
4902.504
4903.194
4903.976
4904.699
4905.418
4906.141
4906.996
4907.767
4908.642
4909.585
4910.368
4911.366
4912.347
4913.309
4914.425
4915.462
4916.651
4917.793
4918.965
4919.999
4921.238
4922.341
4923.545
4924.591
4925.758
4926.750
4927.831
4928.884
4929.797
4930.803
4931.573
4932.464
4933.372
4934.165
4934.933
4935.871
4936.709
4937.510
4938.301
4939.193
4939.955
4940.684
4941.335
4941.977
4942.556
4943.168
