NO_OF_FRAMES	7588
NO_OF_DATA_TYPES	1
FREQUENCY	100
TIME_STAMP	2023-11-29, 20:20:17
DATA_INCLUDED	Angle
DATA_TYPES	_lam_final


150.803
150.889
150.887
150.809
150.810
150.819
150.988
150.748
150.829
150.817
150.824
150.820
150.834
150.851
150.868
150.884
150.892
150.896
150.897
150.893
150.890
150.889
150.896
150.907
150.901
150.912
150.922
150.932
150.944
150.957
150.976
150.992
151.021
151.033
151.051
151.074
151.089
151.101
151.122
151.128
151.148
151.174
151.176
151.186
151.183
151.178
151.174
151.176
151.177
151.173
151.184
151.178
151.193
151.187
151.163
151.185
151.178
151.171
151.176
151.177
151.177
151.176
151.180
151.173
151.176
151.187
151.199
151.204
151.198
151.197
151.168
151.142
151.120
151.104
151.105
151.102
151.099
151.094
151.080
151.066
151.058
151.070
151.081
151.095
151.125
151.152
151.171
151.170
151.179
151.178
151.171
151.166
151.154
151.146
151.139
151.130
151.114
151.105
151.090
151.080
151.065
151.056
151.060
151.061
151.071
151.075
151.087
151.097
151.103
151.112
151.101
151.110
151.124
151.140
151.155
151.161
151.186
151.204
151.226
151.231
151.242
151.256
151.281
151.284
151.304
151.309
151.323
151.337
151.349
151.358
151.378
151.383
151.396
151.406
151.417
151.412
151.421
151.438
151.458
151.488
151.507
151.507
151.513
151.511
151.524
151.513
151.523
151.513
151.492
151.486
151.474
151.470
151.468
151.492
151.512
151.524
151.558
151.573
151.601
151.612
151.606
151.590
151.582
151.562
151.542
151.528
151.512
151.497
151.482
151.456
151.419
151.392
151.361
151.320
151.271
151.222
151.166
151.125
151.092
151.047
151.009
150.972
150.945
150.932
150.924
150.943
150.951
150.965
150.982
151.002
151.035
151.035
151.027
151.061
151.058
151.049
151.068
151.061
151.049
151.040
150.965
150.942
150.928
150.883
150.845
150.836
150.813
150.823
150.848
150.865
150.874
150.891
150.903
150.914
150.922
150.912
150.914
150.900
150.889
150.880
150.879
150.854
150.838
150.795
150.748
150.732
150.701
150.658
150.607
150.547
150.513
150.469
150.427
150.351
150.290
150.170
150.060
149.966
149.863
149.784
149.664
149.549
149.413
149.277
149.147
148.981
148.830
148.666
148.520
148.368
148.239
148.103
147.981
147.888
147.828
147.783
147.726
147.705
147.671
147.655
147.662
147.683
147.700
147.719
147.747
147.766
147.793
147.838
147.851
147.844
147.804
147.766
147.740
147.784
147.675
147.624
147.579
147.531
147.482
147.525
147.493
147.464
147.443
147.468
147.501
147.535
147.578
147.622
147.649
147.683
147.724
147.770
147.826
147.911
147.966
148.040
148.138
148.209
148.278
148.331
148.388
148.426
148.463
148.492
148.543
148.550
148.562
148.594
148.610
148.608
148.607
148.604
148.579
148.532
148.497
148.462
148.450
148.375
148.358
148.365
148.365
148.339
148.319
148.279
148.251
148.225
148.198
148.177
148.168
148.138
148.134
148.123
148.130
148.123
148.116
148.108
148.119
148.136
148.145
148.174
148.173
148.183
148.217
148.232
148.256
148.286
148.299
148.306
148.315
148.337
148.360
148.388
148.418
148.438
148.437
148.435
148.425
148.419
148.418
148.416
148.406
148.401
148.393
148.388
148.393
148.418
148.434
148.466
148.499
148.525
148.552
148.593
148.625
148.654
148.689
148.702
148.699
148.710
148.734
148.761
148.797
148.826
148.858
148.861
148.849
148.844
148.859
148.930
148.976
149.006
148.974
148.972
148.970
148.967
148.984
149.005
149.030
149.043
149.045
149.038
149.008
148.973
148.920
148.875
148.855
148.876
148.905
148.929
148.950
148.948
148.932
148.929
148.915
148.920
148.924
148.958
149.017
149.075
149.140
149.203
149.249
149.297
149.337
149.366
149.379
149.396
149.405
149.422
149.446
149.491
149.541
149.605
149.655
149.708
149.741
149.771
149.793
149.807
149.822
149.830
149.835
149.827
149.830
149.807
149.779
149.739
149.709
149.672
149.655
149.639
149.650
149.670
149.689
149.678
149.619
149.553
149.454
149.364
149.258
149.183
149.150
149.125
149.119
149.132
149.168
149.225
149.234
149.217
149.193
149.187
149.090
149.026
148.924
148.788
148.636
148.491
148.355
148.223
148.069
147.951
147.833
147.725
147.566
147.500
147.419
147.364
147.337
147.318
147.279
147.250
147.251
147.262
147.266
147.260
147.285
147.324
147.349
147.359
147.371
147.394
147.431
147.487
147.520
147.610
147.675
147.802
147.882
147.985
148.091
148.186
148.298
148.385
148.451
148.531
148.595
148.632
148.675
148.722
148.781
148.842
148.874
148.896
148.913
148.918
148.909
148.868
148.834
148.808
148.748
148.667
148.647
148.592
148.545
148.492
148.419
148.357
148.238
148.121
147.925
147.711
147.455
147.227
146.988
146.785
146.541
146.362
146.194
146.054
145.960
145.868
145.779
145.711
145.664
145.634
145.607
145.582
145.556
145.560
145.575
145.626
145.655
145.675
145.711
145.754
145.830
145.900
145.963
146.021
146.103
146.220
146.317
146.459
146.613
146.764
146.935
147.077
147.158
147.256
147.337
147.384
147.440
147.447
147.434
147.428
147.414
147.428
147.425
147.420
147.400
147.398
147.406
147.426
147.437
147.449
147.466
147.467
147.461
147.456
147.457
147.463
147.469
147.456
147.436
147.431
147.423
147.416
147.419
147.445
147.454
147.468
147.500
147.522
147.547
147.584
147.602
147.608
147.620
147.616
147.618
147.634
147.614
147.604
147.587
147.590
147.599
147.616
147.629
147.634
147.633
147.644
147.650
147.669
147.681
147.699
147.724
147.739
147.766
147.797
147.824
147.837
147.843
147.849
147.843
147.832
147.834
147.833
147.834
147.843
147.878
147.867
147.881
147.886
147.887
147.867
147.854
147.839
147.837
147.843
147.855
147.888
147.874
147.855
147.828
147.795
147.773
147.755
147.788
147.779
147.774
147.798
147.817
147.844
147.873
147.896
147.924
147.893
147.916
147.927
147.931
147.923
147.909
147.897
147.885
147.867
147.848
147.826
147.805
147.776
147.752
147.719
147.692
147.731
147.745
147.768
147.812
147.862
147.855
147.890
147.909
147.910
147.894
147.858
147.821
147.777
147.745
147.701
147.688
147.661
147.648
147.631
147.619
147.619
147.617
147.610
147.616
147.618
147.602
147.622
147.649
147.691
147.740
147.776
147.807
147.832
147.853
147.882
147.915
147.959
148.009
148.070
148.128
148.163
148.179
148.196
148.198
148.161
148.138
148.104
148.062
148.020
147.954
147.857
147.776
147.668
147.575
147.522
147.485
147.523
147.509
147.525
147.581
147.619
147.669
147.747
147.755
147.706
147.636
147.598
147.473
147.394
147.326
147.250
147.154
147.072
146.994
146.906
146.821
146.715
146.610
146.511
146.412
146.352
146.322
146.323
146.338
146.338
146.343
146.381
146.430
146.470
146.527
146.630
146.729
146.831
146.962
147.055
147.137
147.241
147.327
147.392
147.454
147.530
147.599
147.680
147.753
147.833
147.879
147.936
147.985
148.038
148.087
148.160
148.216
148.227
148.213
148.197
148.185
148.151
148.108
148.064
148.035
148.028
148.026
148.099
148.083
148.101
148.094
148.013
147.987
147.942
147.883
147.811
147.686
147.530
147.384
147.209
147.033
146.856
146.689
146.519
146.337
146.175
146.045
145.930
145.804
145.710
145.630
145.551
145.492
145.435
145.390
145.383
145.394
145.423
145.461
145.522
145.593
145.673
145.751
145.837
145.935
146.009
146.099
146.177
146.240
146.313
146.405
146.486
146.557
146.637
146.730
146.860
146.976
147.057
147.131
147.219
147.298
147.362
147.417
147.461
147.510
147.540
147.565
147.591
147.622
147.664
147.681
147.691
147.700
147.713
147.748
147.791
147.828
147.851
147.886
147.922
147.958
147.990
148.015
148.043
148.059
148.070
148.088
148.106
148.129
148.155
148.166
148.180
148.185
148.189
148.196
148.227
148.257
148.290
148.319
148.332
148.341
148.343
148.341
148.343
148.335
148.330
148.321
148.326
148.334
148.354
148.372
148.404
148.425
148.452
148.471
148.479
148.474
148.471
148.460
148.465
148.465
148.470
148.482
148.486
148.493
148.488
148.489
148.484
148.473
148.460
148.450
148.432
148.431
148.442
148.465
148.499
148.532
148.564
148.633
148.649
148.550
148.553
148.616
148.629
148.625
148.611
148.602
148.595
148.585
148.559
148.566
148.572
148.571
148.565
148.554
148.542
148.532
148.527
148.520
148.515
148.510
148.487
148.513
148.511
148.539
148.559
148.576
148.577
148.551
148.565
148.522
148.478
148.435
148.392
148.364
148.357
148.363
148.369
148.392
148.405
148.428
148.450
148.462
148.466
148.465
148.492
148.517
148.540
148.556
148.566
148.566
148.563
148.577
148.576
148.582
148.577
148.569
148.568
148.558
148.527
148.522
148.504
148.496
148.465
148.445
148.412
148.384
148.342
148.314
148.306
148.287
148.270
148.238
148.187
148.134
148.084
148.013
147.905
147.823
147.758
147.710
147.679
147.665
147.674
147.673
147.694
147.719
147.750
147.763
147.811
147.791
147.786
147.808
147.847
147.856
147.973
148.125
148.285
148.434
148.562
148.630
148.653
148.653
148.617
148.539
148.423
148.302
148.190
148.073
147.979
147.887
147.838
147.799
147.788
147.796
147.844
147.912
147.994
148.070
148.144
148.189
148.223
148.229
148.220
148.197
148.167
148.117
148.077
148.038
147.984
147.931
147.884
147.844
147.802
147.783
147.758
147.757
147.747
147.737
147.745
147.740
147.772
147.783
147.789
147.798
147.800
147.781
147.741
147.774
147.754
147.740
147.737
147.700
147.671
147.622
147.621
147.587
147.537
147.492
147.397
147.282
147.186
147.088
146.984
146.905
146.859
146.800
146.753
146.696
146.706
146.656
146.555
146.498
146.430
146.373
146.312
146.265
146.222
146.173
146.114
146.051
145.989
145.952
145.922
145.890
145.867
145.895
145.952
146.010
146.108
146.179
146.232
146.276
146.337
146.359
146.378
146.443
146.481
146.511
146.592
146.631
146.672
146.723
146.786
146.858
146.907
146.996
147.076
147.180
147.279
147.379
147.462
147.512
147.560
147.619
147.687
147.741
147.783
147.830
147.875
147.896
147.904
147.900
147.880
147.854
147.851
147.828
147.811
147.803
147.802
147.802
147.810
147.831
147.851
147.869
147.880
147.898
147.911
147.930
147.933
147.942
147.956
147.960
147.969
147.962
147.958
147.958
147.956
147.943
147.934
147.942
147.957
147.979
148.011
148.052
148.090
148.124
148.145
148.152
148.148
148.154
148.153
148.158
148.166
148.147
148.178
148.160
148.135
148.103
148.073
148.055
148.041
148.031
148.035
148.056
148.077
148.112
148.106
148.143
148.173
148.180
148.166
148.142
148.102
148.075
148.048
148.041
148.036
148.057
148.069
148.091
148.103
148.110
148.121
148.107
148.109
148.099
148.098
148.087
148.079
148.042
148.007
147.955
147.899
147.868
147.826
147.783
147.803
147.807
147.835
147.883
147.925
147.970
148.009
148.020
148.014
148.002
148.006
148.008
148.017
148.006
148.016
148.021
148.028
148.018
148.018
147.999
147.978
147.956
147.952
147.945
147.965
147.966
147.978
147.996
147.999
147.992
147.969
147.937
147.891
147.826
147.760
147.661
147.582
147.521
147.475
147.425
147.373
147.330
147.291
147.263
147.255
147.248
147.264
147.297
147.331
147.371
147.387
147.383
147.357
147.319
147.279
147.261
147.318
147.319
147.331
147.354
147.330
147.266
147.243
147.172
147.080
146.987
146.879
146.762
146.656
146.552
146.473
146.384
146.331
146.318
146.320
146.339
146.363
146.410
146.451
146.483
146.513
146.538
146.585
146.632
146.692
146.737
146.772
146.788
146.790
146.763
146.724
146.693
146.651
146.622
146.607
146.594
146.599
146.589
146.559
146.522
146.469
146.415
146.364
146.308
146.230
146.147
146.091
146.055
146.061
146.092
146.162
146.251
146.333
146.430
146.524
146.580
146.589
146.565
146.525
146.457
146.355
146.226
146.077
145.927
145.777
145.643
145.529
145.427
145.307
145.186
145.093
145.014
144.954
144.910
144.882
144.863
144.867
144.886
144.919
144.950
144.975
144.985
145.002
145.010
145.032
145.053
145.095
145.139
145.165
145.171
145.153
145.134
145.113
145.076
145.060
145.061
145.083
145.112
145.155
145.198
145.247
145.278
145.290
145.309
145.303
145.305
145.315
145.347
145.369
145.385
145.416
145.432
145.455
145.492
145.525
145.547
145.546
145.532
145.520
145.517
145.535
145.567
145.601
145.649
145.686
145.704
145.703
145.698
145.681
145.651
145.622
145.605
145.589
145.574
145.555
145.540
145.533
145.539
145.561
145.587
145.606
145.624
145.626
145.612
145.605
145.597
145.584
145.583
145.582
145.576
145.564
145.588
145.578
145.561
145.541
145.538
145.531
145.525
145.525
145.532
145.552
145.583
145.605
145.630
145.651
145.671
145.683
145.689
145.704
145.705
145.690
145.678
145.639
145.599
145.564
145.547
145.532
145.545
145.547
145.557
145.591
145.633
145.677
145.720
145.760
145.775
145.783
145.790
145.796
145.785
145.785
145.776
145.779
145.767
145.768
145.772
145.787
145.800
145.824
145.833
145.851
145.860
145.841
145.821
145.804
145.787
145.773
145.793
145.799
145.821
145.847
145.871
145.879
145.873
145.840
145.797
145.736
145.690
145.646
145.616
145.604
145.621
145.639
145.671
145.687
145.712
145.734
145.753
145.771
145.775
145.781
145.776
145.767
145.765
145.762
145.764
145.775
145.788
145.802
145.804
145.797
145.784
145.769
145.749
145.727
145.736
145.703
145.672
145.608
145.588
145.578
145.597
145.631
145.674
145.690
145.691
145.685
145.681
145.683
145.717
145.756
145.821
145.887
145.947
146.020
146.056
146.056
146.024
145.982
145.926
145.838
145.771
145.763
145.693
145.628
145.571
145.472
145.385
145.302
145.208
145.129
145.084
145.057
145.033
145.025
145.015
145.038
145.067
145.090
145.144
145.213
145.280
145.379
145.491
145.592
145.704
145.824
145.921
145.996
146.065
146.112
146.145
146.160
146.150
146.126
146.085
146.052
146.015
145.977
145.936
145.922
145.922
145.903
145.904
145.895
145.892
145.888
145.873
145.833
145.789
145.743
145.684
145.613
145.534
145.450
145.385
145.339
145.374
145.394
145.433
145.436
145.495
145.546
145.554
145.572
145.557
145.484
145.388
145.249
145.150
145.034
144.943
144.866
144.837
144.833
144.822
144.828
144.824
144.794
144.771
144.745
144.717
144.672
144.645
144.630
144.644
144.673
144.692
144.718
144.777
144.841
144.863
144.892
144.961
144.989
145.011
145.032
145.095
145.171
145.243
145.299
145.354
145.408
145.486
145.547
145.604
145.635
145.669
145.709
145.768
145.796
145.801
145.789
145.772
145.764
145.747
145.763
145.780
145.768
145.768
145.744
145.717
145.705
145.705
145.714
145.735
145.769
145.794
145.818
145.838
145.848
145.841
145.832
145.820
145.817
145.825
145.831
145.847
145.892
145.921
145.925
145.922
145.912
145.890
145.860
145.842
145.839
145.846
145.873
145.904
145.937
145.956
145.955
145.945
145.924
145.909
145.897
145.894
145.906
145.916
145.928
145.939
145.950
145.941
145.928
145.907
145.874
145.851
145.848
145.873
145.915
145.948
145.967
145.967
145.931
145.909
145.878
145.848
145.858
145.879
145.917
145.918
145.934
145.940
145.930
145.909
145.875
145.843
145.824
145.813
145.825
145.836
145.867
145.884
145.943
145.937
145.929
145.910
145.900
145.845
145.837
145.846
145.851
145.850
145.859
145.864
145.870
145.877
145.870
145.846
145.831
145.816
145.807
145.803
145.805
145.813
145.820
145.812
145.799
145.793
145.781
145.779
145.778
145.772
145.766
145.760
145.755
145.741
145.743
145.736
145.744
145.770
145.780
145.774
145.760
145.736
145.716
145.695
145.682
145.684
145.701
145.706
145.721
145.725
145.725
145.719
145.726
145.717
145.717
145.707
145.717
145.721
145.727
145.717
145.704
145.686
145.668
145.652
145.649
145.644
145.648
145.647
145.641
145.641
145.641
145.645
145.666
145.681
145.696
145.702
145.735
145.753
145.750
145.732
145.695
145.668
145.655
145.654
145.651
145.648
145.626
145.630
145.635
145.629
145.635
145.623
145.618
145.614
145.603
145.591
145.564
145.545
145.518
145.481
145.465
145.436
145.450
145.394
145.341
145.273
145.208
145.135
145.125
145.087
145.066
145.071
145.094
145.114
145.138
145.190
145.235
145.274
145.308
145.362
145.402
145.444
145.475
145.514
145.548
145.560
145.532
145.508
145.485
145.483
145.493
145.512
145.548
145.580
145.611
145.628
145.627
145.620
145.595
145.556
145.504
145.451
145.395
145.346
145.303
145.280
145.259
145.222
145.189
145.158
145.110
145.097
145.121
145.102
145.102
145.107
145.082
145.083
145.084
145.076
145.106
145.117
145.136
145.177
145.244
145.316
145.381
145.438
145.473
145.433
145.360
145.256
145.125
144.994
144.832
144.682
144.541
144.413
144.302
144.239
144.159
144.084
144.026
143.997
143.993
143.991
144.002
144.031
144.028
144.031
144.054
144.088
144.129
144.178
144.230
144.291
144.345
144.418
144.488
144.528
144.545
144.571
144.612
144.601
144.569
144.563
144.582
144.594
144.625
144.675
144.753
144.819
144.915
145.027
145.112
145.180
145.245
145.281
145.346
145.383
145.414
145.442
145.461
145.477
145.441
145.391
145.310
145.258
145.209
145.178
145.165
145.170
145.199
145.235
145.264
145.288
145.303
145.298
145.295
145.292
145.298
145.289
145.317
145.368
145.381
145.377
145.371
145.347
145.335
145.337
145.331
145.335
145.349
145.389
145.388
145.411
145.431
145.439
145.454
145.460
145.454
145.444
145.436
145.414
145.397
145.383
145.373
145.358
145.352
145.347
145.355
145.372
145.391
145.393
145.396
145.367
145.328
145.310
145.299
145.291
145.293
145.294
145.307
145.317
145.330
145.338
145.341
145.345
145.350
145.344
145.323
145.306
145.290
145.286
145.318
145.342
145.371
145.394
145.408
145.407
145.383
145.347
145.300
145.245
145.194
145.171
145.168
145.182
145.214
145.280
145.350
145.406
145.450
145.469
145.442
145.390
145.313
145.228
145.145
145.073
145.026
145.020
145.025
145.054
145.082
145.113
145.139
145.158
145.158
145.164
145.170
145.156
145.189
145.220
145.251
145.283
145.277
145.275
145.275
145.278
145.284
145.281
145.279
145.304
145.319
145.284
145.258
145.235
145.210
145.201
145.177
145.159
145.142
145.142
145.150
145.169
145.194
145.224
145.252
145.267
145.284
145.291
145.291
145.294
145.278
145.237
145.154
145.121
145.102
145.092
145.081
145.081
145.096
145.139
145.180
145.219
145.256
145.285
145.308
145.324
145.398
145.402
145.422
145.451
145.419
145.409
145.391
145.386
145.359
145.353
145.337
145.349
145.356
145.345
145.353
145.370
145.399
145.397
145.414
145.407
145.407
145.403
145.393
145.381
145.384
145.401
145.451
145.509
145.590
145.681
145.752
145.824
145.867
145.902
145.922
145.923
145.914
145.883
145.882
145.863
145.826
145.786
145.743
145.707
145.689
145.672
145.667
145.682
145.711
145.717
145.724
145.683
145.683
145.658
145.623
145.569
145.564
145.580
145.597
145.632
145.671
145.733
145.795
145.849
145.908
145.906
145.883
145.854
145.814
145.719
145.624
145.529
145.447
145.371
145.305
145.241
145.193
145.198
145.214
145.252
145.295
145.371
145.421
145.485
145.527
145.558
145.582
145.593
145.636
145.698
145.755
145.761
145.749
145.770
145.826
145.859
145.867
145.896
145.958
146.048
146.122
146.186
146.218
146.237
146.245
146.251
146.276
146.306
146.337
146.369
146.427
146.501
146.579
146.650
146.693
146.740
146.783
146.811
146.814
146.810
146.808
146.825
146.824
146.823
146.819
146.813
146.849
146.874
146.906
146.940
147.001
147.071
147.131
147.208
147.268
147.324
147.367
147.411
147.458
147.525
147.577
147.646
147.715
147.779
147.824
147.872
147.897
147.922
147.930
147.941
147.956
147.995
148.027
148.050
148.082
148.112
148.141
148.161
148.173
148.185
148.219
148.243
148.291
148.339
148.372
148.397
148.423
148.456
148.486
148.522
148.532
148.528
148.514
148.497
148.490
148.516
148.530
148.550
148.573
148.616
148.652
148.665
148.659
148.642
148.617
148.603
148.597
148.595
148.569
148.606
148.653
148.649
148.664
148.648
148.654
148.638
148.640
148.634
148.673
148.646
148.660
148.689
148.735
148.717
148.675
148.621
148.601
148.552
148.468
148.402
148.367
148.361
148.327
148.300
148.273
148.276
148.268
148.229
148.179
148.132
148.070
148.045
148.031
148.000
148.005
147.997
148.007
148.011
148.029
148.054
148.083
148.115
148.106
148.118
148.105
148.078
148.072
148.064
148.060
148.053
148.049
148.033
148.022
147.980
147.957
147.927
147.887
147.869
147.842
147.788
147.740
147.699
147.580
147.523
147.482
147.454
147.436
147.419
147.408
147.377
147.340
147.288
147.221
147.139
147.050
146.968
146.877
146.809
146.788
146.801
146.895
146.953
146.996
147.015
146.966
146.954
146.905
146.838
146.763
146.713
146.708
146.699
146.720
146.736
146.737
146.731
146.718
146.672
146.618
146.560
146.513
146.474
146.450
146.447
146.463
146.504
146.560
146.607
146.640
146.665
146.675
146.676
146.684
146.694
146.707
146.743
146.765
146.781
146.807
146.820
146.800
146.777
146.762
146.764
146.727
146.703
146.690
146.691
146.666
146.684
146.701
146.663
146.679
146.698
146.660
146.670
146.662
146.618
146.606
146.586
146.559
146.540
146.608
146.621
146.630
146.652
146.625
146.613
146.537
146.493
146.464
146.420
146.369
146.335
146.290
146.238
146.138
146.026
145.920
145.762
145.614
145.471
145.355
145.271
145.227
145.202
145.201
145.224
145.258
145.295
145.320
145.391
145.440
145.462
145.504
145.546
145.571
145.576
145.589
145.611
145.635
145.613
145.560
145.525
145.522
145.523
145.490
145.481
145.499
145.507
145.542
145.585
145.609
145.643
145.681
145.685
145.661
145.632
145.598
145.564
145.534
145.509
145.522
145.547
145.571
145.593
145.603
145.602
145.559
145.550
145.523
145.498
145.507
145.507
145.520
145.546
145.570
145.597
145.590
145.590
145.556
145.536
145.496
145.465
145.440
145.428
145.419
145.412
145.434
145.443
145.443
145.441
145.442
145.437
145.449
145.443
145.445
145.456
145.457
145.465
145.463
145.455
145.456
145.453
145.455
145.480
145.479
145.441
145.425
145.416
145.399
145.385
145.368
145.358
145.354
145.351
145.353
145.367
145.380
145.392
145.409
145.418
145.424
145.449
145.463
145.472
145.478
145.475
145.472
145.457
145.439
145.424
145.380
145.364
145.375
145.373
145.385
145.371
145.375
145.375
145.377
145.361
145.361
145.336
145.324
145.324
145.329
145.347
145.350
145.364
145.368
145.367
145.464
145.441
145.434
145.421
145.331
145.337
145.343
145.356
145.343
145.343
145.348
145.359
145.344
145.338
145.320
145.300
145.331
145.303
145.222
145.200
145.187
145.180
145.199
145.204
145.237
145.259
145.270
145.326
145.296
145.280
145.249
145.187
145.151
145.166
145.185
145.186
145.223
145.258
145.294
145.323
145.336
145.332
145.313
145.238
145.201
145.174
145.165
145.158
145.160
145.142
145.108
145.082
145.032
144.997
144.953
144.948
144.954
144.944
144.953
144.949
144.942
144.961
144.960
144.959
144.956
144.946
144.930
144.904
144.862
144.825
144.787
144.749
144.738
144.748
144.774
144.792
144.836
144.869
144.906
144.904
144.898
144.882
144.880
144.887
144.887
144.886
144.898
144.923
144.933
144.950
144.947
144.962
144.978
144.994
145.008
145.044
145.079
145.119
145.152
145.185
145.216
145.261
145.295
145.327
145.348
145.364
145.351
145.337
145.332
145.312
145.270
145.223
145.187
145.174
145.177
145.191
145.228
145.245
145.242
145.270
145.285
145.303
145.316
145.301
145.293
145.296
145.302
145.321
145.334
145.338
145.346
145.364
145.389
145.413
145.433
145.449
145.425
145.398
145.367
145.308
145.206
145.106
145.023
144.946
144.875
144.819
144.782
144.743
144.730
144.706
144.696
144.707
144.726
144.741
144.771
144.831
144.816
144.811
144.819
144.789
144.803
144.833
144.846
144.920
144.959
144.998
145.080
145.134
145.173
145.246
145.291
145.328
145.345
145.345
145.337
145.300
145.268
145.202
145.162
145.121
145.070
145.087
145.112
145.132
145.149
145.184
145.194
145.201
145.207
145.214
145.216
145.212
145.202
145.181
145.204
145.219
145.234
145.242
145.199
145.163
145.126
145.089
145.059
145.045
145.042
145.036
145.053
145.079
145.104
145.161
145.184
145.185
145.186
145.161
145.138
145.101
145.072
145.057
145.056
145.073
145.103
145.114
145.138
145.149
145.182
145.174
145.169
145.164
145.164
145.157
145.153
145.144
145.135
145.132
145.147
145.147
145.156
145.156
145.153
145.140
145.144
145.147
145.160
145.170
145.163
145.157
145.155
145.141
145.144
145.146
145.151
145.153
145.132
145.167
145.165
145.200
145.222
145.209
145.210
145.206
145.195
145.199
145.200
145.203
145.204
145.203
145.185
145.177
145.170
145.172
145.175
145.176
145.170
145.193
145.195
145.188
145.186
145.171
145.170
145.173
145.183
145.210
145.230
145.261
145.276
145.277
145.271
145.251
145.244
145.242
145.269
145.308
145.351
145.389
145.408
145.409
145.391
145.338
145.279
145.235
145.205
145.215
145.248
145.303
145.363
145.400
145.416
145.427
145.434
145.422
145.410
145.415
145.389
145.369
145.334
145.296
145.299
145.326
145.374
145.416
145.438
145.425
145.423
145.403
145.382
145.335
145.286
145.264
145.233
145.210
145.212
145.214
145.230
145.245
145.240
145.250
145.232
145.205
145.161
145.106
145.042
144.975
144.922
144.887
144.900
144.919
144.953
144.998
145.046
145.075
145.102
145.132
145.155
145.161
145.146
145.110
145.069
144.994
144.903
144.823
144.764
144.722
144.741
144.735
144.772
144.770
144.822
144.896
144.952
145.002
145.036
145.049
145.055
145.035
144.993
144.922
144.870
144.830
144.811
144.796
144.764
144.755
144.766
144.790
144.841
144.905
144.961
145.002
145.047
145.079
145.113
145.139
145.158
145.156
145.175
145.176
145.184
145.186
145.210
145.215
145.210
145.205
145.189
145.177
145.179
145.173
145.142
145.120
145.125
145.145
145.135
145.145
145.176
145.209
145.222
145.213
145.184
145.147
145.108
145.076
145.065
145.063
145.080
145.108
145.186
145.254
145.303
145.320
145.328
145.318
145.266
145.193
145.121
145.061
144.992
144.928
144.870
144.846
144.830
144.815
144.795
144.755
144.730
144.704
144.679
144.648
144.671
144.720
144.765
144.799
144.851
144.915
144.958
144.975
144.980
144.977
145.000
145.021
145.032
145.051
145.071
145.081
145.084
145.075
145.063
145.041
145.019
145.004
145.028
145.043
145.066
145.101
145.121
145.160
145.167
145.165
145.150
145.115
145.097
145.078
145.077
145.079
145.094
145.108
145.138
145.151
145.210
145.208
145.184
145.153
145.124
145.106
145.100
145.095
145.103
145.114
145.117
145.133
145.139
145.136
145.116
145.109
145.113
145.113
145.103
145.112
145.107
145.115
145.125
145.135
145.143
145.145
145.140
145.160
145.143
145.143
145.133
145.119
145.115
145.118
145.130
145.148
145.157
145.163
145.141
145.129
145.112
145.097
145.100
145.112
145.145
145.146
145.147
145.121
145.098
145.075
145.052
145.052
145.055
145.073
145.098
145.120
145.164
145.204
145.228
145.250
145.203
145.183
145.166
145.167
145.167
145.208
145.243
145.272
145.289
145.312
145.329
145.336
145.359
145.390
145.420
145.438
145.431
145.436
145.415
145.413
145.426
145.438
145.472
145.505
145.530
145.534
145.558
145.558
145.558
145.563
145.560
145.553
145.545
145.551
145.514
145.499
145.475
145.463
145.453
145.452
145.484
145.501
145.530
145.558
145.577
145.582
145.544
145.527
145.526
145.498
145.510
145.498
145.498
145.508
145.517
145.501
145.503
145.515
145.513
145.502
145.503
145.512
145.502
145.476
145.462
145.448
145.442
145.447
145.445
145.458
145.469
145.469
145.455
145.449
145.437
145.424
145.414
145.414
145.427
145.445
145.480
145.531
145.581
145.626
145.680
145.685
145.721
145.709
145.703
145.680
145.645
145.617
145.599
145.580
145.566
145.569
145.595
145.614
145.635
145.651
145.678
145.708
145.726
145.737
145.724
145.724
145.722
145.719
145.732
145.715
145.696
145.683
145.657
145.628
145.587
145.611
145.567
145.548
145.537
145.491
145.500
145.537
145.543
145.552
145.557
145.531
145.493
145.447
145.380
145.312
145.224
145.137
145.076
145.061
145.069
145.078
145.120
145.180
145.221
145.246
145.267
145.281
145.301
145.338
145.374
145.418
145.461
145.472
145.483
145.484
145.468
145.447
145.444
145.446
145.461
145.485
145.489
145.462
145.435
145.412
145.388
145.353
145.365
145.326
145.286
145.254
145.224
145.191
145.161
145.093
145.055
145.040
145.073
145.144
145.171
145.232
145.352
145.422
145.471
145.470
145.411
145.355
145.226
145.066
144.913
144.772
144.648
144.598
144.576
144.549
144.571
144.633
144.692
144.748
144.814
144.852
144.870
144.917
144.940
144.985
145.008
145.029
145.065
145.108
145.149
145.191
145.246
145.285
145.312
145.344
145.374
145.414
145.443
145.474
145.489
145.504
145.536
145.582
145.618
145.644
145.660
145.667
145.662
145.638
145.600
145.566
145.527
145.496
145.471
145.439
145.426
145.423
145.427
145.450
145.447
145.465
145.464
145.448
145.447
145.436
145.437
145.443
145.484
145.504
145.535
145.538
145.537
145.520
145.483
145.434
145.382
145.335
145.277
145.252
145.245
145.247
145.262
145.293
145.352
145.407
145.440
145.466
145.480
145.489
145.523
145.539
145.554
145.615
145.622
145.626
145.613
145.594
145.573
145.544
145.526
145.510
145.500
145.517
145.534
145.546
145.533
145.536
145.535
145.562
145.583
145.584
145.586
145.582
145.537
145.503
145.477
145.454
145.439
145.431
145.447
145.465
145.510
145.513
145.526
145.525
145.523
145.508
145.512
145.493
145.478
145.460
145.452
145.449
145.482
145.488
145.495
145.488
145.486
145.497
145.517
145.532
145.554
145.564
145.579
145.573
145.561
145.533
145.509
145.472
145.483
145.470
145.486
145.502
145.534
145.564
145.578
145.580
145.585
145.579
145.590
145.591
145.606
145.615
145.638
145.650
145.671
145.703
145.734
145.759
145.784
145.807
145.821
145.832
145.818
145.796
145.761
145.736
145.727
145.715
145.715
145.741
145.771
145.822
145.886
145.939
145.993
146.091
146.160
146.205
146.262
146.344
146.413
146.485
146.528
146.563
146.580
146.570
146.519
146.462
146.388
146.328
146.260
146.215
146.184
146.166
146.180
146.198
146.194
146.206
146.206
146.163
146.102
146.034
145.944
145.848
145.720
145.572
145.461
145.279
145.115
144.939
144.776
144.587
144.401
144.218
144.008
143.797
143.603
143.379
143.223
142.966
142.736
142.498
142.230
141.992
141.741
141.598
141.311
141.037
140.721
140.428
140.163
139.877
139.618
139.343
139.112
138.901
138.682
138.518
138.347
138.173
138.025
137.890
137.690
137.564
137.400
137.226
137.061
136.936
136.834
136.770
136.708
136.609
136.569
136.501
136.437
136.311
136.143
135.975
135.821
135.678
135.514
135.315
135.163
134.920
134.685
134.459
134.073
133.806
133.543
133.311
132.983
132.723
132.436
132.240
132.150
132.129
132.121
132.203
132.324
132.449
132.553
132.613
132.668
132.685
132.646
132.611
132.610
132.619
132.688
132.849
133.064
133.406
133.621
133.843
134.113
134.400
134.749
135.143
135.616
136.057
136.526
137.061
137.595
138.140
138.697
139.210
139.637
140.073
140.536
140.973
141.273
141.617
141.974
142.255
142.626
142.987
143.334
143.690
143.982
144.282
144.535
144.745
144.909
145.085
145.248
145.378
145.495
145.578
145.575
145.566
145.594
145.604
145.629
145.714
145.819
145.996
145.915
145.893
145.962
145.899
145.740
145.624
145.437
145.249
145.043
144.862
144.629
144.351
144.057
143.748
143.561
143.496
143.501
143.634
143.858
144.112
144.364
144.659
144.976
145.269
145.614
145.966
146.351
146.827
147.317
147.796
148.310
148.843
149.399
149.814
150.245
150.697
151.061
151.359
151.561
151.798
151.906
152.109
152.268
152.459
152.689
152.924
153.198
153.429
153.682
154.021
154.330
154.639
154.946
155.270
155.575
155.873
156.084
156.313
156.542
156.692
156.928
157.081
157.259
157.443
157.654
157.878
158.154
158.444
158.709
158.956
159.182
159.399
159.609
159.841
160.087
160.325
160.542
160.788
161.004
161.225
161.456
161.670
161.891
162.071
162.236
162.437
162.623
162.811
163.013
163.180
163.329
163.452
163.587
163.718
163.827
163.971
164.106
164.220
164.315
164.411
164.524
164.557
164.587
164.638
164.655
164.705
164.705
164.770
164.772
164.801
164.794
164.698
164.593
164.477
164.464
164.272
164.048
163.727
163.347
162.875
162.325
161.739
161.084
160.349
159.597
158.753
157.868
157.000
155.953
154.963
153.841
152.650
151.320
149.963
148.466
146.937
145.344
143.709
142.012
140.162
138.284
136.328
134.214
132.171
130.034
127.874
125.607
123.301
120.940
118.607
116.232
113.850
111.492
109.142
106.765
104.409
102.015
99.561
97.112
94.734
92.396
90.044
87.710
85.387
83.111
80.817
78.629
76.451
74.177
72.010
69.843
67.719
65.590
63.505
61.434
59.392
57.450
55.495
53.607
51.750
49.945
48.168
46.422
44.720
43.051
41.406
39.974
38.463
37.125
35.740
34.463
33.364
32.426
31.598
30.861
30.281
29.835
29.548
29.414
29.430
29.600
29.907
30.317
30.874
31.518
32.215
33.018
34.022
34.922
35.882
36.901
37.933
39.010
40.112
41.226
42.305
43.254
44.332
45.386
46.466
47.518
48.544
49.533
50.531
51.504
52.464
53.410
54.351
55.265
56.173
57.050
57.912
58.806
59.674
60.510
61.349
62.186
62.998
63.830
64.681
65.550
66.358
67.200
68.037
68.889
69.731
70.569
71.394
72.204
73.010
73.855
74.677
75.529
76.361
77.210
78.028
78.864
79.652
80.467
81.347
82.198
83.141
83.995
84.819
85.643
86.423
87.240
88.090
88.924
89.775
90.655
91.519
92.392
93.246
94.106
94.970
95.819
96.654
97.483
98.293
99.056
99.837
100.709
101.525
102.348
103.198
104.102
104.931
105.755
106.645
107.494
108.357
109.097
109.944
110.673
111.385
112.159
112.928
113.723
114.527
115.316
116.116
116.871
117.613
118.383
119.136
119.871
120.588
121.276
121.939
122.469
123.126
123.817
124.500
125.234
125.894
126.581
127.225
127.841
128.469
129.106
129.759
130.372
130.949
131.522
132.091
132.667
133.602
134.228
134.840
135.423
135.989
136.549
137.103
137.645
138.189
138.748
139.294
139.820
140.384
140.925
141.476
142.030
142.584
143.159
143.694
144.220
144.760
145.299
145.837
146.359
146.846
147.314
147.760
148.222
148.722
149.248
149.809
150.346
150.880
151.387
151.899
152.395
152.920
153.434
153.912
154.351
154.698
155.184
155.543
155.912
155.896
156.291
156.705
157.355
157.726
158.040
158.342
158.647
158.901
159.251
159.659
160.067
160.458
160.690
161.033
161.482
161.819
162.194
162.555
162.757
163.060
163.443
163.886
164.177
164.452
164.724
164.977
165.066
165.485
165.570
165.784
165.991
166.163
166.305
166.400
166.474
166.512
166.569
166.554
166.507
166.580
166.270
166.106
166.007
165.683
165.164
164.904
164.374
163.690
162.979
162.320
161.573
160.780
159.957
159.082
158.125
157.118
156.076
154.896
153.641
152.335
150.958
149.497
148.029
146.479
144.885
143.285
141.601
139.878
138.044
136.144
134.089
132.028
129.942
127.716
125.533
123.256
120.928
118.590
116.209
113.807
111.441
109.100
106.767
104.491
102.191
99.929
97.758
95.542
93.321
91.073
88.862
86.738
84.672
82.596
80.517
78.463
76.422
74.400
72.416
70.458
68.342
66.349
64.374
62.400
60.462
58.557
56.664
54.809
52.976
51.179
49.399
47.695
45.980
44.329
42.829
41.256
39.725
38.251
36.828
35.513
34.255
33.160
31.954
30.986
30.106
29.340
28.772
28.137
27.820
27.619
27.510
27.560
27.726
27.992
28.410
29.019
29.599
30.259
30.980
31.764
32.644
33.540
34.489
35.472
36.491
37.560
38.634
39.704
40.796
41.899
43.032
44.181
45.338
46.377
47.553
48.697
49.843
50.992
52.149
53.306
54.453
55.571
56.666
57.740
58.806
59.872
60.938
61.992
63.040
64.056
65.049
66.045
67.141
68.115
69.084
70.054
71.016
71.993
72.940
73.891
74.842
75.813
76.781
77.738
78.668
79.594
80.535
81.480
82.433
83.339
84.247
85.127
86.024
86.888
87.753
88.629
89.487
90.375
91.260
92.089
92.962
93.811
94.729
95.595
96.431
97.250
98.061
98.823
99.596
100.398
101.122
101.928
102.773
103.582
104.473
105.238
106.002
106.825
107.480
108.231
108.914
109.772
110.480
111.175
111.884
112.546
113.290
114.039
114.777
115.472
116.153
116.855
117.608
118.346
119.105
119.848
120.575
121.277
121.934
122.552
123.199
123.861
124.525
125.193
125.825
126.445
127.016
127.578
128.155
128.740
129.322
129.909
130.493
131.055
131.622
132.168
132.774
133.355
133.965
134.600
135.236
135.888
136.487
137.105
137.711
138.325
138.987
139.646
140.246
140.874
141.463
142.046
142.664
143.312
143.969
144.667
145.397
146.150
146.929
147.747
148.472
149.201
149.858
150.593
151.315
152.038
152.716
153.311
153.909
154.463
154.983
155.504
155.996
156.502
156.988
157.414
157.817
158.126
158.519
158.955
159.368
159.733
160.117
160.478
160.779
161.084
161.366
161.647
161.913
162.199
162.464
162.732
162.863
163.104
163.492
163.802
164.131
164.431
164.711
164.947
165.175
165.383
165.594
165.774
165.954
166.150
166.285
166.419
166.559
166.684
166.719
166.776
166.807
166.782
166.746
166.665
166.555
166.378
166.133
165.897
165.587
165.232
164.772
164.232
163.568
162.732
161.851
160.849
159.804
158.707
157.552
156.317
155.018
153.631
152.223
150.739
149.228
147.662
146.012
144.383
142.642
140.845
139.016
137.144
135.216
133.146
131.160
129.101
127.030
124.907
122.741
120.564
118.389
116.159
113.968
111.771
109.592
107.399
105.188
102.938
100.673
98.413
96.218
93.956
91.652
89.402
87.191
84.960
82.758
80.528
78.308
76.052
73.814
71.533
69.282
67.037
64.641
62.374
60.125
57.875
55.614
53.381
51.159
48.988
46.815
44.719
42.783
40.805
38.867
36.985
35.197
33.572
31.865
30.385
28.972
27.556
26.553
25.737
25.162
24.803
24.660
24.695
24.876
25.218
25.662
26.220
26.891
27.622
28.437
29.290
30.197
31.106
32.095
33.077
33.980
34.976
36.089
37.062
38.015
39.035
40.041
41.066
42.084
43.105
44.110
45.168
46.209
47.258
48.349
49.424
50.489
51.568
52.628
53.706
54.774
55.837
56.898
57.940
59.049
60.132
61.147
62.154
63.159
64.182
65.192
66.216
67.224
68.188
69.174
70.166
71.164
72.188
73.208
74.201
75.202
76.164
77.148
78.097
79.060
79.998
80.948
81.846
82.754
83.640
84.527
85.436
86.343
87.223
88.099
88.963
89.829
90.684
91.527
92.320
93.140
93.911
94.715
95.490
96.264
97.021
97.808
98.662
99.428
100.218
100.983
101.709
102.411
103.155
103.890
104.609
105.337
105.990
106.699
107.404
108.090
108.812
109.497
110.168
110.829
111.490
112.138
112.814
113.477
114.160
114.929
115.611
116.333
116.988
117.616
118.233
118.832
119.444
120.057
120.580
121.197
121.826
122.415
123.003
123.570
124.137
124.703
125.256
125.794
126.346
126.889
127.419
127.925
128.454
128.989
129.527
130.017
130.509
130.984
131.515
132.041
132.538
133.017
133.513
134.039
134.551
135.088
135.605
136.134
136.682
137.276
137.829
138.360
138.866
139.368
139.852
140.336
140.868
141.402
141.993
142.544
143.091
143.630
144.179
144.755
145.343
145.975
146.570
147.129
147.771
148.361
148.870
149.437
150.016
150.626
151.247
151.856
152.467
153.066
153.627
154.201
154.740
155.273
155.800
156.299
156.711
157.052
157.313
157.593
157.849
158.126
158.422
158.654
158.849
159.048
159.192
159.364
159.582
159.876
160.203
160.570
160.950
161.298
161.628
161.919
162.129
162.421
162.759
163.177
163.409
163.670
163.898
164.118
164.304
164.513
164.687
164.948
165.096
165.196
165.228
165.195
165.148
165.032
164.880
164.703
164.451
164.183
163.863
163.493
163.040
162.485
161.908
161.274
160.535
159.747
158.815
157.812
156.698
155.536
154.277
152.953
151.581
150.110
148.625
146.983
145.310
143.543
141.819
139.963
138.034
136.005
134.036
132.022
129.963
127.828
125.705
123.491
121.212
118.931
116.602
114.245
111.806
109.336
106.847
104.359
101.826
99.322
96.869
94.471
91.988
89.543
87.179
84.855
82.546
80.264
77.893
75.581
73.318
71.098
68.972
66.877
64.752
62.575
60.561
58.586
56.652
54.767
52.930
51.119
49.368
47.683
45.987
44.352
42.771
41.213
39.698
38.232
36.842
35.657
34.466
33.335
32.298
31.159
30.297
29.546
28.956
28.526
28.226
28.070
27.953
28.093
28.365
28.694
29.129
29.740
30.330
30.943
31.631
32.362
33.123
34.008
34.775
35.511
36.308
36.957
37.746
38.539
39.332
40.103
40.867
41.644
42.405
43.167
43.922
44.673
45.437
46.215
46.964
47.720
48.478
49.237
49.973
50.748
51.492
52.247
52.986
53.705
54.454
55.156
55.874
56.600
57.304
58.025
58.722
59.444
60.154
60.868
61.572
62.287
62.977
63.690
64.395
65.113
65.832
66.570
67.360
68.142
68.891
69.681
70.532
71.313
72.106
72.901
73.721
74.533
75.353
76.165
76.970
77.787
78.611
79.429
80.272
81.116
81.947
82.777
83.595
84.415
85.235
86.052
86.877
87.688
88.475
89.270
90.015
90.772
91.530
92.258
93.046
93.820
94.576
95.310
96.116
96.847
97.589
98.409
99.146
99.855
100.567
101.269
101.936
102.630
103.347
104.046
104.757
105.377
106.059
106.773
107.445
108.143
108.832
109.536
110.273
110.952
111.720
112.428
113.159
113.917
114.638
115.333
116.027
116.682
117.337
118.008
118.656
119.269
119.893
120.529
121.180
121.822
122.465
123.096
123.710
124.337
124.969
125.604
126.214
126.823
127.427
128.051
128.707
129.373
130.027
130.684
131.312
131.954
132.612
133.277
133.924
134.475
135.134
135.778
136.774
137.262
137.834
138.427
139.024
139.644
140.274
140.870
141.495
142.095
142.700
143.316
143.939
144.581
145.237
145.904
146.578
147.220
147.867
148.448
149.196
149.843
150.578
151.339
152.117
152.827
153.515
154.178
154.826
155.458
156.124
156.765
157.379
157.922
158.433
158.954
159.446
159.956
160.492
161.004
161.503
161.934
162.348
162.716
163.078
163.480
163.912
164.262
164.569
164.867
165.085
165.328
165.565
165.826
166.044
166.245
166.442
166.610
166.796
166.924
167.058
167.172
167.261
167.347
167.426
167.489
167.519
167.498
167.436
167.351
167.257
167.166
167.071
166.919
166.703
166.423
166.030
165.534
164.938
164.295
163.552
162.726
161.844
160.884
159.784
158.710
157.569
156.451
155.264
154.034
152.773
151.453
150.017
148.486
146.899
145.209
143.562
141.796
140.083
138.321
136.533
134.551
132.665
130.594
128.668
126.532
124.210
121.921
119.518
117.113
114.590
112.126
109.658
107.153
104.756
102.185
99.758
97.281
94.748
92.290
89.871
87.488
85.080
82.713
80.319
77.960
75.644
73.357
70.983
68.676
66.363
64.094
61.865
59.644
57.446
55.296
53.153
51.057
48.972
46.913
44.926
42.958
41.065
39.214
37.421
35.858
34.210
32.862
31.343
30.097
29.034
28.207
27.599
27.228
27.061
27.052
27.174
27.443
27.869
28.424
29.129
29.919
30.783
31.552
32.521
33.668
34.661
35.709
36.863
38.051
39.293
40.563
41.916
43.206
44.510
45.808
47.133
48.474
49.814
51.162
52.542
53.892
55.258
56.644
58.039
59.409
60.775
62.111
63.516
64.851
66.179
67.527
68.851
70.130
71.384
72.604
73.842
75.056
76.288
77.476
78.651
79.800
80.945
82.071
83.144
84.246
85.312
86.386
87.408
88.422
89.387
90.342
91.284
92.200
93.116
94.033
94.906
95.776
96.609
97.345
98.178
98.995
99.775
100.663
101.432
102.202
102.922
103.649
104.351
105.022
105.752
106.463
107.218
107.857
108.604
109.226
109.898
110.580
111.251
111.917
112.558
113.185
113.810
114.430
115.070
115.719
116.394
117.081
117.746
118.346
118.920
119.474
120.066
120.645
121.256
121.868
122.484
123.079
123.657
124.233
124.832
125.433
126.018
126.605
127.174
127.742
128.269
128.816
129.364
129.925
130.505
131.075
131.623
132.225
132.609
133.144
133.647
134.336
134.870
135.395
135.952
136.593
137.119
137.652
138.175
138.674
139.235
139.763
140.233
140.698
141.166
141.647
142.183
142.717
143.263
143.817
144.388
144.961
145.515
146.069
146.593
147.147
147.683
148.235
148.829
149.432
150.023
150.596
151.137
151.667
152.177
152.712
153.213
153.719
154.195
154.631
155.033
155.445
155.826
156.326
156.829
157.332
157.822
158.268
158.712
159.186
159.633
160.093
160.533
160.960
161.316
161.654
161.926
162.248
162.573
162.986
163.329
163.743
164.102
164.435
164.756
165.050
165.370
165.696
166.001
166.297
166.532
166.791
167.007
167.249
167.447
167.621
167.763
167.908
168.048
168.285
168.444
168.586
168.732
168.833
168.922
168.982
168.999
168.991
168.873
168.780
168.682
168.582
168.450
168.258
167.948
167.568
167.108
166.595
166.065
165.458
164.827
164.159
163.414
162.620
161.754
160.779
159.752
158.649
157.480
156.237
154.898
153.481
152.018
150.523
149.000
147.454
145.841
144.131
142.373
140.594
138.852
137.041
135.129
133.220
131.280
129.281
127.305
125.145
123.032
120.864
118.644
116.380
114.076
111.712
109.362
106.992
104.665
102.318
99.946
97.582
95.205
92.933
90.576
88.273
85.943
83.655
81.348
79.111
76.860
74.619
72.431
70.238
67.960
65.820
63.707
61.605
59.502
57.414
55.372
53.339
51.322
49.366
47.469
45.606
43.811
42.053
40.346
38.704
37.150
35.574
34.299
32.948
31.870
31.062
30.297
29.705
29.290
29.065
28.997
29.087
29.302
29.627
30.080
30.605
31.071
31.730
32.412
33.151
33.952
34.858
35.640
36.429
37.278
38.253
39.164
40.070
40.960
41.865
42.775
43.706
44.623
45.542
46.459
47.367
48.262
49.154
50.026
50.886
51.740
52.573
53.420
54.255
55.082
55.874
56.668
57.541
58.334
59.123
59.904
60.675
61.436
62.199
62.974
63.773
64.544
65.307
66.107
66.862
67.609
68.373
69.124
69.893
70.641
71.372
72.116
72.845
73.605
74.372
75.144
75.915
76.696
77.621
78.312
79.104
79.883
80.621
81.399
82.176
82.907
83.681
84.459
85.231
86.010
86.772
87.528
88.280
89.051
89.801
90.553
91.313
92.061
92.816
93.566
94.314
95.062
95.800
96.533
97.256
97.920
98.650
99.399
100.171
100.937
101.695
102.452
103.187
103.923
104.662
105.441
106.260
107.055
107.842
108.593
109.331
110.053
110.783
111.562
112.368
113.153
113.895
114.586
115.298
116.033
116.818
117.603
118.400
119.159
119.915
120.648
121.359
122.072
122.803
123.523
124.299
125.027
125.759
126.508
127.260
128.020
128.803
129.647
130.391
131.173
131.957
132.742
133.554
134.355
135.205
136.020
136.843
137.729
138.523
139.318
140.140
140.910
141.699
142.484
143.274
144.080
144.851
145.609
146.331
147.060
147.779
148.469
149.134
149.775
150.418
151.057
151.668
152.202
152.791
153.394
153.999
154.608
155.217
155.799
156.337
156.799
157.184
157.536
157.922
158.276
158.671
159.063
159.400
159.748
160.045
160.295
160.591
160.866
161.179
161.519
161.854
162.174
162.483
162.777
163.010
163.240
163.502
163.743
163.964
164.182
164.393
164.605
164.815
164.986
165.223
165.473
165.715
165.968
166.178
166.370
166.518
166.652
166.776
166.848
166.858
166.862
166.873
166.866
166.818
166.725
166.592
166.366
166.111
165.735
165.282
164.760
164.214
163.589
162.885
162.077
161.162
160.221
159.297
158.326
157.324
156.311
155.226
154.061
152.753
151.464
150.082
148.584
147.041
145.455
143.871
142.267
140.542
138.715
136.699
134.679
132.593
130.517
128.434
126.220
123.960
121.699
119.409
117.093
114.844
112.501
110.114
107.715
105.259
102.902
100.515
98.125
95.751
93.399
90.985
88.569
86.167
83.814
81.487
79.257
76.973
74.719
72.444
70.239
68.043
65.750
63.547
61.384
59.198
57.124
55.048
53.055
51.104
49.197
47.337
45.526
43.774
42.047
40.371
38.903
37.400
35.947
34.614
33.418
32.340
31.480
30.557
29.917
29.447
29.123
28.975
28.940
29.052
29.263
29.606
30.035
30.556
31.165
31.816
32.523
33.348
34.069
34.878
35.691
36.531
37.416
38.190
39.091
39.980
40.888
41.796
42.707
43.636
44.577
45.511
46.464
47.425
48.384
49.347
50.310
51.349
52.296
53.220
54.132
55.081
56.027
56.864
57.741
58.619
59.496
60.341
61.199
62.064
62.916
63.751
64.565
65.384
66.188
66.980
67.780
68.559
69.338
70.104
70.874
71.629
72.396
73.163
73.914
74.665
75.419
76.153
76.899
77.644
78.372
79.093
79.803
80.510
81.210
81.898
82.580
83.285
83.991
84.729
85.491
86.242
86.998
87.758
88.528
89.289
90.050
90.836
91.635
92.437
93.216
94.067
94.787
95.584
96.401
97.248
98.063
98.923
99.757
100.604
101.458
102.300
103.150
104.027
104.902
105.783
106.616
107.427
108.228
109.040
109.889
110.774
111.645
112.477
113.298
114.079
114.873
115.688
116.533
117.343
118.134
118.899
119.643
120.355
121.092
121.844
122.618
123.391
124.140
124.877
125.600
126.317
127.066
127.826
128.538
129.253
129.957
130.641
131.364
132.064
132.763
133.506
134.258
135.006
135.749
136.490
137.208
137.994
138.715
139.412
140.153
140.879
141.606
142.350
143.044
143.820
144.692
145.492
146.355
147.240
148.065
148.950
149.792
150.694
151.459
152.282
153.132
153.915
154.694
155.385
156.121
156.817
157.479
158.074
158.648
159.151
159.644
160.150
160.676
161.188
161.690
162.126
162.552
162.952
163.306
163.588
163.897
164.213
164.519
164.899
165.244
165.607
165.879
166.126
166.303
166.466
166.591
166.690
166.899
167.080
167.239
167.364
167.473
167.527
167.561
167.558
167.526
167.468
167.399
167.267
167.085
166.861
166.562
166.241
165.798
165.350
164.886
164.320
163.658
162.891
162.052
161.162
160.253
159.350
158.441
157.480
156.494
155.434
154.269
152.990
151.849
150.510
149.109
147.639
146.096
144.470
142.829
141.191
139.480
137.687
135.728
133.805
131.831
129.908
127.957
125.933
123.797
121.706
119.532
117.362
115.120
112.832
110.513
108.151
105.805
103.355
100.943
98.529
96.141
93.806
91.462
89.065
86.703
84.416
82.090
79.831
77.466
75.167
72.989
70.755
68.458
66.251
64.097
61.979
59.904
57.754
55.761
53.746
51.823
49.826
47.935
46.081
44.294
42.539
40.845
39.213
37.652
36.067
34.688
33.428
32.420
31.142
30.225
29.512
29.194
28.773
28.527
28.441
28.474
28.652
28.957
29.362
29.810
30.331
30.928
31.578
32.309
33.001
33.707
34.422
35.233
36.087
36.968
37.892
38.822
39.753
40.775
41.737
42.689
43.671
44.673
45.693
46.697
47.712
48.785
49.822
50.837
51.843
52.847
53.837
54.815
55.762
56.724
57.569
58.508
59.434
60.367
61.275
62.179
63.064
64.077
64.973
65.843
66.634
67.527
68.398
69.264
70.156
71.028
71.919
72.810
73.697
74.594
75.473
76.336
77.210
78.161
79.021
79.862
80.732
81.532
82.426
83.202
84.146
84.895
85.720
86.533
87.358
88.274
89.029
89.849
90.686
91.516
92.341
93.268
94.119
94.901
95.776
96.606
97.526
98.353
99.200
99.956
100.820
101.730
102.557
103.357
104.155
104.971
105.792
106.536
107.375
108.222
109.021
109.896
110.687
111.493
112.326
113.100
113.915
114.759
115.583
116.406
117.225
118.021
118.796
119.537
120.254
120.978
121.662
122.347
122.950
123.770
124.468
125.132
125.775
126.494
127.209
127.907
128.579
129.270
129.920
130.592
131.263
131.937
132.626
133.307
133.978
134.633
135.305
135.909
136.551
137.174
137.804
138.390
139.009
139.698
140.307
140.932
141.579
142.215
142.829
143.472
144.099
144.769
145.417
146.100
146.760
147.432
148.070
148.711
149.338
149.938
150.602
151.370
152.058
152.723
153.324
153.956
154.557
155.118
155.660
156.176
156.689
157.146
157.535
157.911
158.246
158.601
158.934
159.395
159.805
160.257
160.691
161.120
161.535
161.860
162.170
162.514
162.848
163.181
163.526
163.844
164.097
164.333
164.585
164.832
165.055
165.387
165.752
166.068
166.328
166.545
166.733
166.904
167.049
167.194
167.315
167.462
167.541
167.597
167.678
167.694
167.705
167.630
167.492
167.275
167.054
166.770
166.483
166.191
165.759
165.300
164.793
164.235
163.606
162.948
162.161
161.324
160.353
159.342
158.250
157.084
155.855
154.465
153.120
151.610
149.878
148.343
146.628
144.851
143.070
141.179
139.241
137.185
135.066
132.901
130.747
128.517
126.162
123.792
121.396
118.954
116.515
114.057
111.598
109.137
106.660
104.208
101.782
99.238
96.773
94.387
91.983
89.617
87.297
85.038
82.711
80.437
78.151
75.822
73.519
71.239
68.999
66.685
64.485
62.361
60.249
58.146
56.086
54.067
52.071
50.104
48.155
46.311
44.516
42.783
41.113
39.479
37.944
36.469
35.095
33.914
32.669
31.625
30.757
30.045
29.485
29.043
28.802
28.734
28.784
28.877
29.163
29.537
30.024
30.592
31.218
31.931
32.695
33.677
34.545
35.485
36.503
37.539
38.638
39.731
40.874
42.016
43.285
44.463
45.643
46.833
48.050
49.251
50.494
51.704
52.927
54.139
55.410
56.635
57.836
59.057
60.277
61.489
62.660
63.862
65.045
66.275
67.429
68.595
69.758
70.939
72.096
73.254
74.402
75.570
76.717
77.827
78.911
79.975
80.938
82.007
82.911
83.922
84.939
85.935
86.912
87.848
88.778
89.707
90.632
91.553
92.455
93.336
94.203
95.026
95.835
96.658
97.447
98.231
99.005
99.716
100.398
101.126
101.837
102.543
103.235
103.968
104.673
105.329
105.974
106.611
107.258
107.948
108.569
109.199
109.806
110.425
111.053
111.687
112.327
112.958
113.566
114.173
114.765
115.358
115.961
116.558
117.165
117.750
118.358
118.951
119.537
120.126
120.729
121.357
122.006
122.653
123.299
123.956
124.591
125.210
125.854
126.471
127.084
127.699
128.333
128.893
129.453
130.024
130.590
131.155
131.761
132.309
132.860
133.455
134.062
134.612
135.236
135.809
136.373
136.948
137.521
138.156
138.794
139.360
139.861
140.471
141.090
141.707
142.308
142.970
143.521
144.088
144.658
145.172
145.769
146.343
146.949
147.538
148.149
148.744
149.358
149.961
150.588
151.200
151.782
152.356
152.872
153.329
153.783
154.222
154.660
155.119
155.580
156.045
156.506
156.946
157.378
157.790
158.225
158.631
159.039
159.408
159.790
160.088
160.386
160.693
160.994
161.295
161.547
161.846
162.085
162.330
162.546
162.790
163.046
163.339
163.573
163.833
164.076
164.291
164.471
164.646
164.872
165.150
165.370
165.642
165.861
166.100
166.316
166.514
166.771
166.913
167.058
167.200
167.364
167.569
167.764
167.927
168.057
168.152
168.279
168.389
168.486
168.582
168.686
168.728
168.725
168.690
168.669
168.635
168.558
168.453
168.332
168.161
167.890
167.541
167.114
166.644
165.962
165.474
164.830
164.205
163.465
162.636
161.670
160.638
159.548
158.412
157.312
156.157
154.993
153.746
152.439
151.063
149.611
148.108
146.504
144.865
143.156
141.457
139.677
137.862
135.895
133.983
132.014
130.037
128.020
125.968
123.882
121.769
119.643
117.454
115.247
112.993
110.751
108.509
106.292
104.118
101.927
99.700
97.510
95.258
93.104
90.961
88.813
86.646
84.521
82.442
80.318
78.252
76.151
73.993
71.811
69.696
67.589
65.491
63.409
61.360
59.317
57.303
55.328
53.377
51.490
49.625
47.843
46.086
44.383
42.716
41.127
39.597
38.116
36.703
35.403
34.179
32.895
31.864
30.810
29.997
29.308
28.733
28.360
28.099
27.993
27.985
28.060
28.237
28.507
28.835
29.372
29.912
30.515
31.176
31.897
32.654
33.457
34.281
35.165
36.175
37.053
37.954
38.897
39.874
40.851
41.840
42.821
43.821
44.805
45.805
46.808
47.811
48.809
49.827
50.832
51.819
52.795
53.788
54.747
55.692
56.641
57.565
58.503
59.429
60.345
61.238
62.120
63.001
63.885
64.761
65.617
66.441
67.262
68.070
68.909
69.745
70.604
71.459
72.317
73.172
74.007
74.856
75.687
76.560
77.545
78.404
79.285
80.153
80.984
81.820
82.694
83.558
84.458
85.368
86.266
87.170
88.061
88.949
89.769
90.603
91.414
92.266
93.085
93.933
94.760
95.567
96.404
97.211
98.025
98.822
99.624
100.425
101.218
102.013
102.813
103.612
104.424
105.262
106.053
106.849
107.664
108.487
109.296
110.132
110.965
111.881
112.787
113.691
114.544
115.381
116.199
117.048
117.898
118.741
119.572
120.358
121.147
121.934
122.745
123.547
124.338
125.128
125.904
126.679
127.443
128.177
128.951
129.709
130.577
131.363
132.155
132.904
133.689
134.468
135.251
136.013
136.790
137.563
138.392
139.202
140.030
140.816
141.584
142.337
143.060
143.757
144.461
145.162
145.857
146.548
147.268
148.023
148.801
149.606
150.427
151.250
152.048
152.860
153.641
154.348
154.985
155.639
156.228
156.785
157.335
157.873
158.426
158.975
159.479
159.896
160.345
160.788
161.230
161.665
162.099
162.527
162.870
163.176
163.507
163.782
164.059
164.353
164.605
164.776
165.061
165.297
165.515
165.798
166.036
166.222
166.390
166.564
166.714
166.854
167.009
167.127
167.295
167.449
167.596
167.788
167.959
168.171
168.370
168.486
168.568
168.615
168.654
168.685
168.724
168.793
168.764
168.778
168.669
168.534
168.378
168.155
167.935
167.611
167.271
166.839
166.281
165.716
165.111
164.391
163.548
162.589
161.641
160.617
159.623
158.559
157.493
156.338
155.099
153.876
152.584
151.206
149.757
148.238
146.635
144.978
143.249
141.440
139.596
137.756
135.748
133.827
131.841
129.823
127.752
125.612
123.461
121.300
119.100
116.861
114.600
112.326
110.046
107.757
105.489
103.278
101.014
98.751
96.440
94.221
91.995
89.764
87.555
85.410
83.279
81.136
79.013
76.978
74.907
72.824
70.726
68.716
66.714
64.723
62.742
60.794
58.875
56.986
55.116
53.267
51.468
49.703
47.956
46.266
44.580
42.975
41.409
39.892
38.441
37.070
35.797
34.638
33.405
32.370
31.466
30.693
29.986
29.277
28.795
28.463
28.219
28.105
28.068
28.122
28.260
28.475
28.775
29.142
29.607
30.123
30.724
31.300
31.922
32.566
33.257
33.955
34.741
35.433
36.136
36.980
37.735
38.533
39.308
40.089
40.869
41.646
42.405
43.157
43.910
44.648
45.388
46.125
46.851
47.561
48.247
48.939
49.599
50.248
50.902
51.533
52.164
52.804
53.442
54.103
54.735
55.375
56.038
56.694
57.349
57.995
58.638
59.277
59.915
60.579
61.252
61.939
62.626
63.364
64.050
64.733
65.411
66.123
66.810
67.515
68.198
68.896
69.587
70.278
70.968
71.699
72.432
73.151
73.865
74.582
75.285
75.972
76.672
77.359
78.071
78.760
79.455
80.129
80.797
81.472
82.169
82.852
83.570
84.251
84.923
85.625
86.309
87.003
87.681
88.381
89.145
89.827
90.542
91.274
91.961
92.669
93.366
94.056
94.747
95.437
96.121
96.804
97.478
98.152
98.810
99.496
100.203
100.935
101.675
102.406
103.124
103.834
104.534
105.250
105.982
106.720
107.460
108.161
108.852
109.527
110.175
110.806
111.482
112.138
112.797
113.461
114.116
114.773
115.491
116.221
116.970
117.705
118.450
119.168
119.898
120.594
121.314
122.025
122.740
123.448
124.133
124.815
125.503
126.131
126.751
127.376
127.971
128.544
129.089
129.645
130.237
130.889
131.465
132.069
132.686
133.333
133.966
134.613
135.223
135.829
136.435
136.992
137.643
138.210
138.802
139.403
140.048
140.630
141.208
141.794
142.364
142.954
143.514
144.110
144.692
145.261
145.823
146.380
146.971
147.620
148.283
148.958
149.683
150.409
151.132
151.846
152.529
153.200
153.863
154.510
155.116
155.669
156.224
156.750
157.191
157.696
158.207
158.678
159.144
159.541
160.038
160.388
160.864
161.295
161.700
162.021
162.048
162.323
162.640
163.342
163.603
163.921
164.125
164.452
164.815
165.097
165.395
165.658
165.928
166.207
166.449
166.734
166.985
167.259
167.442
167.572
167.647
167.712
167.748
167.742
167.704
167.636
167.537
167.375
167.155
166.887
166.558
166.223
165.846
165.421
165.000
164.519
164.005
163.457
162.802
162.049
161.218
160.320
159.381
158.298
157.178
156.023
154.829
153.545
152.255
150.836
149.322
147.968
146.404
144.796
143.162
141.462
139.712
137.808
135.925
134.015
132.028
129.998
127.924
125.796
123.642
121.454
119.227
116.948
114.638
112.280
109.944
107.593
105.260
102.954
100.573
98.208
95.864
93.508
91.135
88.843
86.534
84.279
82.059
79.840
77.586
75.316
73.080
70.921
68.789
66.695
64.605
62.564
60.574
58.595
56.636
54.721
52.845
50.988
49.170
47.389
45.625
43.934
42.295
40.655
39.089
37.589
36.172
34.755
33.364
32.117
30.981
29.981
29.075
28.343
27.799
27.360
27.086
26.615
26.778
26.878
27.083
27.638
27.980
28.257
28.776
29.402
30.063
30.558
31.264
32.022
32.902
33.636
34.420
35.307
36.040
36.762
37.526
38.287
39.066
39.944
40.713
41.457
42.195
42.926
43.671
44.388
45.094
45.971
46.524
47.226
47.911
48.602
49.288
49.959
50.649
51.336
52.042
52.754
53.458
54.133
54.829
55.508
56.207
56.902
57.607
58.298
59.017
59.718
60.489
61.196
61.904
62.627
63.359
64.079
64.809
65.539
66.255
66.977
67.703
68.453
69.184
69.911
70.634
71.352
72.038
72.733
73.421
74.128
74.863
75.554
76.235
76.891
77.538
78.171
78.804
79.443
80.040
80.650
81.263
81.857
82.475
83.081
83.689
84.297
84.911
85.547
86.146
86.755
87.368
87.989
88.627
89.263
89.907
90.500
91.131
91.752
92.364
92.970
93.569
94.161
94.740
95.337
95.920
96.594
97.212
97.862
98.509
99.173
99.834
100.399
101.030
101.650
102.287
102.915
103.546
104.177
104.773
105.368
105.952
106.543
107.169
107.807
108.427
109.047
109.645
110.258
110.883
111.476
112.056
112.624
113.203
113.782
114.363
114.955
115.501
116.087
116.667
117.241
117.840
118.454
119.079
119.702
120.309
120.931
121.548
122.171
122.808
123.471
124.117
124.771
125.390
125.996
126.606
127.219
127.864
128.495
129.132
129.749
130.353
130.936
131.494
132.069
132.617
133.193
133.728
134.259
134.809
135.398
136.006
136.585
137.158
137.731
138.303
138.860
139.521
140.064
140.633
141.069
141.864
142.472
143.263
143.797
144.414
145.033
145.651
146.254
146.884
147.478
148.088
148.680
149.265
149.825
150.355
150.859
151.357
151.821
152.289
152.749
153.174
153.595
153.995
154.365
154.745
155.148
155.519
155.949
156.401
156.794
157.126
157.437
157.717
157.815
158.108
158.224
158.371
158.584
158.973
159.219
159.301
159.535
159.686
159.857
160.004
160.130
160.423
160.587
160.709
160.828
160.912
160.937
160.964
161.015
160.983
161.055
161.102
161.149
161.240
161.304
161.338
161.349
161.345
161.343
161.288
161.180
161.116
161.006
161.005
160.995
161.027
161.038
161.088
161.114
161.114
161.099
161.051
161.013
161.009
160.980
160.905
160.856
160.839
160.841
160.837
160.836
160.826
160.833
160.836
160.823
160.824
160.806
160.774
160.756
160.730
160.718
160.714
160.701
160.682
160.676
160.672
160.675
160.684
160.687
160.703
160.701
160.692
160.649
160.607
160.595
160.605
160.628
160.623
160.591
160.546
160.478
160.410
160.336
160.278
160.236
160.220
160.197
160.186
160.185
160.170
160.152
160.128
160.099
160.074
160.053
160.041
160.035
160.040
160.043
160.050
160.052
160.063
160.072
160.085
160.094
160.087
160.078
160.077
160.083
160.103
160.142
160.184
160.218
160.215
160.257
160.256
160.214
160.151
160.112
160.111
160.086
160.095
160.089
160.060
160.052
160.026
160.026
160.038
160.050
160.048
160.047
160.036
160.044
160.011
159.991
159.969
159.959
159.947
159.965
159.997
