NO_OF_FRAMES	6585
NO_OF_DATA_TYPES	1
FREQUENCY	100
TIME_STAMP	2023-11-29, 18:28:38
DATA_INCLUDED	Distance Traveled
DATA_TYPES	left_elbow_Ldist_traveled


0.000
0.303
0.571
1.270
1.556
1.801
1.801
2.276
2.621
2.855
3.069
3.069
3.458
3.458
3.818
3.818
4.151
4.151
4.479
4.479
4.815
4.815
5.173
5.173
5.520
5.520
5.810
5.810
6.061
6.061
6.299
6.299
6.299
6.608
6.608
6.608
6.608
6.855
6.855
6.855
6.855
6.855
7.077
7.077
7.077
7.077
7.077
7.077
7.077
7.326
7.326
7.326
7.529
7.529
7.529
7.740
7.740
7.740
7.740
7.972
7.972
7.972
8.198
8.198
8.399
8.399
8.399
8.640
8.640
8.640
8.903
8.903
8.903
9.190
9.190
9.414
9.414
9.617
9.617
9.836
9.836
10.046
10.046
10.251
10.251
10.479
10.479
10.729
10.729
10.959
10.959
11.215
11.215
11.498
11.498
11.708
11.708
11.708
11.983
11.983
11.983
12.233
12.233
12.233
12.441
12.441
12.441
12.642
12.642
12.642
12.642
12.889
12.889
12.889
12.889
12.889
13.120
13.120
13.120
13.120
13.120
13.120
13.120
13.343
13.343
13.343
13.343
13.343
13.343
13.562
13.562
13.562
13.786
13.786
13.786
13.786
14.030
14.030
14.030
14.310
14.310
14.517
14.517
14.766
14.766
15.065
15.065
15.363
15.363
15.664
15.664
15.911
15.911
16.166
16.166
16.424
16.424
16.698
16.698
16.963
16.963
17.293
17.293
17.554
17.554
17.794
17.794
18.031
18.031
18.289
18.289
18.289
18.520
18.520
18.520
18.753
18.753
18.753
18.964
18.964
18.964
18.964
19.200
19.200
19.200
19.417
19.417
19.417
19.626
19.626
19.626
19.844
19.844
19.844
20.111
20.111
20.315
20.315
20.574
20.574
20.814
20.814
21.058
21.058
21.058
21.331
21.331
21.331
21.331
21.565
21.565
21.565
21.565
21.565
21.790
21.790
21.790
21.790
21.790
21.790
21.993
21.993
21.993
21.993
21.993
22.216
22.216
22.216
22.216
22.450
22.450
22.450
22.651
22.651
22.651
22.900
22.900
22.900
23.147
23.147
23.363
23.363
23.363
23.630
23.630
23.630
23.840
23.840
23.840
24.117
24.117
24.456
24.665
24.885
25.125
25.367
25.582
25.785
26.012
26.012
26.326
26.326
26.595
26.595
26.836
26.836
27.134
27.134
27.506
27.719
27.967
28.204
28.438
28.694
28.927
28.927
29.312
29.312
29.654
29.654
29.959
30.203
30.448
30.747
31.173
31.633
32.192
32.790
33.288
33.694
33.998
33.998
34.203
34.203
34.557
34.903
35.326
35.784
36.300
36.738
37.116
37.491
37.821
38.123
38.440
38.714
38.993
39.288
39.533
39.781
39.781
40.123
40.123
40.337
40.337
40.337
40.616
40.616
40.891
41.118
41.370
41.732
42.097
42.446
42.766
43.080
43.377
43.631
43.857
44.108
44.330
44.547
44.757
44.971
45.188
45.394
45.618
45.825
46.076
46.351
46.616
46.898
47.129
47.129
47.427
47.427
47.632
47.632
47.632
47.861
47.861
47.861
48.116
48.116
48.116
48.386
48.386
48.607
48.607
48.607
48.817
48.817
48.817
48.817
48.817
48.817
48.817
48.817
48.817
48.817
49.058
49.058
49.058
49.058
49.058
49.058
49.277
49.277
49.277
49.277
49.277
49.277
49.512
49.512
49.512
49.731
49.731
49.731
49.971
49.971
49.971
49.971
50.239
50.239
50.239
50.239
50.494
50.494
50.494
50.731
50.731
50.731
50.731
50.989
50.989
50.989
51.222
51.222
51.222
51.460
51.460
51.460
51.671
51.671
51.671
51.872
51.872
52.074
52.074
52.310
52.310
52.534
52.534
52.798
52.798
53.060
53.060
53.273
53.273
53.273
53.517
53.517
53.517
53.517
53.727
53.727
53.727
53.727
54.009
54.009
54.236
54.236
54.494
54.494
54.799
54.799
55.175
55.175
55.575
55.787
56.010
56.010
56.387
56.387
56.710
56.710
57.051
57.051
57.434
57.639
57.639
58.042
58.042
58.392
58.392
58.689
58.689
58.911
58.911
58.911
58.911
59.120
59.120
59.120
59.435
59.435
59.735
59.735
60.147
60.353
60.606
60.905
61.249
61.549
61.829
62.121
62.484
62.840
63.228
63.565
63.900
64.252
64.551
64.820
65.130
65.382
65.621
65.885
66.118
66.404
66.671
66.978
67.324
67.616
67.972
68.344
68.731
69.042
69.340
69.678
70.034
70.370
70.681
70.979
71.302
71.619
71.971
72.378
72.816
73.251
73.694
74.131
74.537
74.912
75.289
75.678
76.109
76.533
76.992
77.413
77.851
78.300
78.805
79.356
79.898
80.453
80.973
81.504
82.053
82.672
83.263
83.877
84.471
85.050
85.661
86.250
86.890
87.522
88.161
88.765
89.387
90.013
90.587
91.063
91.556
92.022
92.466
92.812
93.201
93.515
93.797
94.078
94.326
94.571
94.844
95.063
95.327
95.327
95.746
95.985
96.191
96.191
96.541
96.787
97.012
97.012
97.384
97.585
97.585
97.974
98.220
98.507
98.852
99.299
99.777
100.360
101.002
101.685
102.389
103.067
103.832
104.657
105.479
106.345
107.134
107.991
108.794
109.643
110.356
111.155
111.940
112.689
113.294
113.863
114.505
115.055
115.542
116.026
116.466
116.858
117.212
117.560
117.912
118.224
118.577
118.923
119.294
119.666
120.016
120.435
120.878
121.312
121.852
122.289
122.795
123.272
123.726
124.292
124.811
125.335
125.844
126.408
127.004
127.527
128.039
128.524
129.079
129.588
130.057
130.478
130.944
131.376
131.805
132.181
132.512
132.828
133.143
133.437
133.734
133.996
134.293
134.589
134.879
135.093
135.093
135.412
135.412
135.412
135.685
135.685
135.937
135.937
136.274
136.274
136.570
136.570
136.859
136.859
137.134
137.342
137.554
137.813
138.121
138.429
138.710
139.046
139.526
139.881
140.160
140.490
140.800
141.101
141.394
141.677
142.047
142.357
142.698
143.032
143.343
143.629
144.023
144.450
144.878
145.279
145.723
146.176
146.621
147.007
147.384
147.744
148.040
148.318
148.574
148.873
149.101
149.429
149.730
149.985
150.316
150.672
151.033
151.391
151.818
152.281
152.761
153.134
153.504
153.842
154.193
154.572
154.859
155.116
155.561
155.561
155.910
155.910
155.910
156.136
156.136
156.136
156.429
156.429
156.661
156.661
157.031
157.031
157.418
157.637
157.884
158.134
158.402
158.697
159.005
159.347
159.662
160.062
160.408
160.766
161.074
161.381
161.710
162.095
162.492
162.920
163.352
163.817
164.320
164.828
165.413
166.065
166.639
167.186
167.792
168.407
169.017
169.635
170.175
170.675
171.280
171.880
172.415
172.943
173.492
173.966
174.454
174.957
175.445
175.901
176.373
176.826
177.250
177.634
178.041
178.448
178.833
179.155
179.495
179.862
180.312
180.800
181.261
181.699
182.098
182.485
182.805
183.077
183.305
183.305
183.703
183.703
184.062
184.320
184.531
184.531
184.927
185.164
185.379
185.625
185.925
186.171
186.465
186.747
187.025
187.349
187.672
187.988
188.313
188.645
188.999
189.312
189.651
190.024
190.383
190.748
191.151
191.599
192.049
192.501
192.959
193.495
194.026
194.555
195.075
195.596
196.095
196.645
197.111
197.544
197.935
198.343
198.861
199.349
199.905
200.475
201.089
201.651
202.183
202.773
203.351
203.872
204.321
204.735
205.138
205.546
205.967
206.291
206.616
206.976
207.258
207.551
207.947
208.282
208.694
209.076
209.483
209.954
210.489
211.022
211.523
212.095
212.689
213.318
214.000
214.633
215.260
215.907
216.613
217.365
218.090
218.700
219.427
220.193
220.936
221.663
222.435
223.263
224.006
224.790
225.685
226.423
227.166
228.005
228.720
229.349
230.039
230.663
231.241
231.853
232.484
233.082
233.673
234.277
234.880
235.539
236.126
236.714
237.163
237.570
238.079
238.472
238.792
239.073
239.369
239.678
239.959
240.199
240.199
240.585
240.793
240.793
241.087
241.087
241.391
241.599
241.599
242.036
242.280
242.570
242.878
243.244
243.603
243.893
244.267
244.647
245.060
245.524
245.985
246.441
246.904
247.396
247.981
248.498
248.980
249.495
249.986
250.476
250.993
251.597
252.172
252.684
253.201
253.920
254.631
255.219
255.848
256.623
257.310
258.003
258.625
259.236
259.824
260.386
260.932
261.422
261.984
262.535
263.050
263.637
264.241
264.817
265.472
266.126
266.812
267.491
268.187
268.778
269.504
270.149
270.876
271.453
272.004
272.562
273.149
273.672
274.257
274.843
275.416
275.919
276.465
276.992
277.482
277.967
278.418
278.828
279.172
279.507
279.870
280.184
280.458
280.712
280.712
281.104
281.400
281.665
281.665
282.078
282.344
282.600
282.855
283.144
283.443
283.738
284.053
284.410
284.763
285.084
285.463
285.823
286.190
286.529
286.927
287.384
287.816
288.188
288.571
289.016
289.571
290.040
290.533
290.979
291.398
291.770
292.132
292.587
293.039
293.484
293.879
294.264
294.684
295.056
295.367
295.686
295.951
296.238
296.536
296.836
297.073
297.296
297.507
297.718
297.944
297.944
298.230
298.230
298.564
298.564
298.839
298.839
299.203
299.434
299.737
299.959
300.303
300.675
301.080
301.526
301.936
302.350
302.784
303.308
303.827
304.295
304.802
305.360
305.927
306.547
307.075
307.594
308.111
308.621
309.231
309.626
310.151
310.693
311.331
311.831
312.301
312.859
313.347
313.900
314.413
314.796
315.100
315.511
315.979
316.410
316.853
317.290
317.692
318.255
318.754
319.246
319.697
320.203
320.770
321.427
322.088
322.749
323.433
324.167
324.837
325.610
326.373
327.057
327.758
328.494
329.299
329.982
330.621
331.325
331.995
332.620
333.262
334.004
334.590
335.162
335.774
336.330
336.889
337.379
337.916
338.465
338.931
339.390
339.837
340.251
340.617
340.974
341.342
341.793
342.091
342.313
342.519
342.519
342.519
342.924
342.924
343.376
343.689
343.966
344.246
344.549
344.857
345.309
345.819
346.257
346.784
347.167
347.640
348.196
348.731
349.130
349.591
350.113
350.694
351.252
351.812
352.335
352.850
353.408
353.965
354.644
355.192
355.701
356.245
356.737
357.213
357.687
358.213
358.732
359.200
359.673
360.110
360.575
361.113
361.586
361.969
362.300
362.626
362.987
363.298
363.603
363.868
364.205
364.476
364.773
365.046
365.264
365.480
365.480
365.806
365.806
366.029
366.029
366.029
366.029
366.285
366.285
366.665
366.917
367.174
367.174
367.501
367.738
368.018
368.253
368.253
368.547
368.547
368.836
369.047
369.269
369.472
369.472
369.857
370.064
370.064
370.404
370.404
370.404
370.679
370.679
370.918
370.918
370.918
370.918
370.918
371.212
371.529
371.529
371.868
372.104
372.373
372.609
372.908
373.218
373.498
373.788
374.055
374.345
374.705
375.073
375.468
375.818
376.206
376.600
377.045
377.495
377.955
378.403
378.825
379.291
379.899
380.432
380.904
381.361
381.879
382.419
382.916
383.377
383.865
384.420
384.893
385.324
385.752
386.202
386.598
387.006
387.401
387.823
388.198
388.607
388.986
389.360
389.765
390.148
390.505
390.857
391.143
391.412
391.412
391.740
391.740
391.967
391.967
392.217
392.484
392.846
393.239
393.673
394.121
394.577
395.075
395.629
396.236
396.799
397.372
397.994
398.598
399.294
399.971
400.611
401.345
402.132
402.895
403.761
404.549
405.388
406.193
406.931
407.618
408.337
408.967
409.565
410.042
410.515
410.938
411.305
411.702
412.114
412.496
412.790
413.076
413.488
413.789
414.054
414.354
414.628
414.986
415.353
415.750
416.133
416.475
416.976
417.532
418.153
418.702
419.308
419.958
420.580
421.237
421.902
422.557
423.177
423.695
424.274
425.032
425.668
426.218
426.763
427.392
427.999
428.503
429.032
429.528
430.144
430.786
431.346
431.932
432.471
432.955
433.489
433.830
434.090
434.340
434.619
434.856
434.856
434.856
435.097
435.332
435.542
435.542
435.787
435.787
436.027
436.027
436.316
436.316
436.679
436.919
437.286
437.652
438.073
438.459
438.755
439.106
439.573
440.036
440.448
440.760
441.042
441.340
441.718
442.094
442.425
442.747
443.156
443.453
443.853
444.263
444.645
445.058
445.544
446.014
446.520
446.958
447.533
447.975
448.514
449.098
449.574
450.083
450.529
451.134
451.675
452.241
452.809
453.316
453.848
454.427
455.113
455.712
456.243
456.736
457.229
457.814
458.383
458.863
459.301
459.758
460.235
460.685
461.096
461.450
461.953
462.295
462.625
462.910
463.231
463.549
463.893
464.194
464.453
464.682
464.682
465.055
465.055
465.309
465.309
465.309
465.309
465.534
465.534
465.534
465.534
465.781
465.781
465.983
465.983
466.297
466.511
466.789
467.097
467.394
467.674
468.013
468.435
468.852
469.258
469.681
470.070
470.453
470.860
471.222
471.549
471.879
472.263
472.653
473.044
473.420
473.772
474.106
474.359
474.671
475.016
475.368
475.755
476.180
476.560
476.958
477.362
477.707
478.053
478.357
478.617
478.869
478.869
479.274
479.484
479.715
479.927
480.163
480.364
480.591
480.591
480.974
481.218
481.218
481.515
481.515
481.515
481.827
482.158
482.574
482.942
483.345
483.747
484.249
484.760
485.241
485.728
486.166
486.595
487.098
487.647
488.199
488.850
489.474
490.076
490.830
491.627
492.368
493.125
493.914
494.710
495.350
496.076
496.717
497.290
497.857
498.318
498.705
499.244
499.766
500.219
500.626
500.925
501.272
501.780
502.277
502.684
502.934
503.218
503.573
504.026
504.444
504.868
505.229
505.626
506.127
506.702
507.316
507.857
508.541
509.251
509.928
510.757
511.594
512.337
513.043
513.901
514.737
515.493
516.332
517.069
517.713
518.556
519.322
520.055
520.829
521.704
522.433
523.148
523.847
524.642
525.209
525.838
526.374
526.822
527.250
527.666
528.142
528.500
528.888
529.142
529.383
529.768
530.179
530.441
530.650
530.861
531.266
531.266
531.619
531.948
532.215
532.449
532.734
533.106
533.502
533.893
534.321
534.756
535.188
535.661
536.204
536.678
537.059
537.440
537.953
538.629
539.206
539.619
540.101
540.654
541.190
541.887
542.265
542.621
543.007
543.328
543.637
543.949
544.221
544.478
544.739
544.989
545.222
545.222
545.618
545.837
546.101
546.437
546.908
547.297
547.696
548.044
548.502
549.009
549.512
550.048
550.524
551.080
551.546
552.007
552.524
553.007
553.401
553.757
554.239
554.560
554.784
554.784
555.143
555.143
555.494
555.842
556.139
556.139
556.357
556.357
556.629
556.629
556.629
556.921
556.921
557.224
557.224
557.549
557.549
557.911
558.191
558.502
558.839
559.209
559.504
559.853
560.207
560.616
561.034
561.489
561.997
562.469
562.991
563.510
563.999
564.463
564.949
565.353
565.801
566.221
566.676
567.176
567.664
568.087
568.401
568.784
569.133
569.531
569.919
570.242
570.530
570.794
570.999
571.209
571.209
571.580
571.580
571.927
571.927
572.282
572.282
572.635
572.635
572.937
572.937
573.154
573.154
573.590
573.874
574.117
574.369
574.633
574.935
575.284
575.592
575.863
576.155
576.413
576.875
577.322
577.807
578.168
578.536
578.944
579.432
579.939
580.461
580.892
581.322
581.738
582.248
582.777
583.244
583.662
584.070
584.493
584.848
585.211
585.655
586.020
586.431
586.824
587.168
587.580
588.048
588.504
588.963
589.354
589.838
590.270
590.731
591.181
591.661
592.074
592.476
592.907
593.408
593.917
594.392
594.784
595.144
595.618
596.133
596.698
597.209
597.720
598.281
598.901
599.518
600.118
600.632
601.150
601.773
602.336
602.889
603.411
604.021
604.555
605.090
605.716
606.323
606.950
607.558
608.098
608.716
609.406
609.913
610.417
610.923
611.443
611.958
612.339
612.722
613.045
613.309
613.611
613.844
614.151
614.389
614.653
614.853
615.063
615.281
615.281
615.587
615.791
616.066
616.277
616.488
616.738
617.011
617.356
617.685
618.022
618.380
618.718
619.101
619.437
619.793
620.125
620.486
620.891
621.252
621.621
621.948
622.338
622.837
623.376
623.898
624.305
624.790
625.309
625.808
626.395
626.946
627.388
627.813
628.261
628.743
629.189
629.565
629.975
630.280
630.563
630.894
631.292
631.666
631.985
632.271
632.583
632.898
633.194
633.504
633.796
634.046
634.318
634.602
634.935
635.198
635.453
635.735
635.970
636.213
636.445
636.679
636.916
637.188
637.436
637.755
638.036
638.320
638.602
638.831
639.137
639.415
639.715
640.029
640.281
640.525
640.525
640.866
640.866
641.165
641.165
641.165
641.366
641.366
641.366
641.366
641.585
641.585
641.585
641.585
641.790
641.790
641.790
641.790
642.013
642.013
642.238
642.238
642.541
642.747
642.965
643.204
643.438
643.707
644.006
644.296
644.523
644.769
645.018
645.236
645.545
645.845
646.244
646.688
647.136
647.700
648.318
648.923
649.477
650.093
650.736
651.349
651.971
652.566
653.161
653.707
654.303
654.803
655.311
655.872
656.400
656.920
657.398
657.906
658.370
658.873
659.285
659.713
660.134
660.538
660.904
661.243
661.564
661.781
661.988
662.256
662.256
662.612
662.816
663.114
663.426
663.742
664.167
664.661
665.197
665.802
666.495
667.173
667.852
668.610
669.410
670.147
670.920
671.619
672.352
673.097
673.884
674.591
675.166
675.829
676.488
677.058
677.600
678.041
678.437
678.847
679.231
679.518
679.823
680.077
680.338
680.559
680.844
681.144
681.348
681.706
682.019
682.433
682.889
683.304
683.765
684.206
684.670
685.193
685.732
686.298
686.847
687.475
688.100
688.731
689.322
690.010
690.751
691.382
691.995
692.718
693.512
694.133
694.823
695.578
696.244
696.960
697.698
698.475
699.131
699.759
700.405
701.112
701.691
702.249
702.810
703.450
704.024
704.582
705.134
705.684
706.245
706.736
707.253
707.692
708.185
708.662
709.188
709.630
710.061
710.466
710.873
711.217
711.541
711.877
712.122
712.361
712.633
712.880
713.083
713.289
713.516
713.756
713.959
714.167
714.415
714.722
714.981
715.266
715.616
715.932
716.188
716.434
716.761
717.116
717.527
717.942
718.359
718.791
719.175
719.609
720.080
720.596
721.028
721.456
721.935
722.411
722.921
723.404
723.805
724.177
724.538
724.920
725.272
725.639
726.009
726.296
726.621
726.885
727.144
727.371
727.371
727.637
727.637
727.637
727.637
727.637
727.637
727.954
727.954
728.195
728.195
728.468
728.468
728.683
728.683
728.683
728.683
728.886
728.886
728.886
729.088
729.088
729.088
729.088
729.359
729.359
729.595
729.595
729.935
730.196
730.499
730.824
731.179
731.476
731.775
732.136
732.416
732.744
733.090
733.425
733.761
734.100
734.455
734.727
735.067
735.434
735.832
736.218
736.610
737.038
737.343
737.693
738.062
738.483
738.866
739.194
739.540
739.877
740.143
740.477
740.763
741.025
741.238
741.238
741.641
741.641
742.020
742.020
742.372
742.372
742.702
742.702
743.048
743.048
743.277
743.277
743.533
743.533
743.802
743.802
744.044
744.044
744.367
744.367
744.644
744.644
744.955
745.195
745.470
745.787
746.126
746.477
746.887
747.356
747.880
748.396
748.974
749.510
750.062
750.599
751.298
751.939
752.585
753.240
753.973
754.836
755.681
756.483
757.415
758.326
759.144
760.073
760.967
761.763
762.581
763.416
764.207
764.862
765.508
766.154
766.881
767.555
768.139
768.731
769.312
769.964
770.534
771.055
771.562
772.033
772.396
772.795
773.116
773.490
773.844
774.216
774.622
774.995
775.444
775.880
776.339
776.809
777.303
777.773
778.261
778.844
779.436
779.994
780.615
781.201
781.874
782.508
783.110
783.729
784.310
784.954
785.576
786.245
786.824
787.528
788.209
788.837
789.428
790.138
790.836
791.504
792.204
792.929
793.534
794.099
794.756
795.377
795.909
796.432
797.013
797.641
798.201
798.675
799.144
799.599
800.062
800.590
801.065
801.481
801.904
802.470
802.882
803.298
803.737
804.154
804.472
804.780
805.044
805.044
805.409
805.757
806.051
806.319
806.587
806.829
807.040
807.246
807.511
807.833
808.049
808.264
808.483
808.746
808.957
809.183
809.407
809.683
809.940
810.257
810.600
810.903
811.202
811.522
811.761
812.028
812.324
812.612
812.886
813.160
813.411
813.648
813.914
814.172
814.450
814.763
815.035
815.356
815.706
816.066
816.419
816.784
817.141
817.497
817.771
818.006
818.245
818.458
818.458
818.824
818.824
819.188
819.188
819.489
819.489
819.724
819.724
819.981
819.981
820.352
820.352
820.661
820.891
820.891
821.222
821.222
821.590
821.590
821.953
822.184
822.417
822.653
822.950
823.203
823.554
823.851
824.176
824.524
824.878
825.265
825.611
825.994
826.318
826.658
827.001
827.366
827.690
828.050
828.401
828.802
829.173
829.539
829.880
830.301
830.677
831.033
831.340
831.629
831.941
832.193
832.454
832.740
833.030
833.303
833.549
833.820
834.137
834.549
835.013
835.497
835.887
836.255
836.641
837.043
837.425
837.744
838.037
838.347
838.589
838.589
838.948
838.948
839.165
839.165
839.541
839.541
839.947
840.183
840.459
840.771
841.098
841.467
841.897
842.343
842.847
843.415
843.949
844.499
845.085
845.733
846.415
847.020
847.626
848.256
848.888
849.543
850.125
850.708
851.282
851.856
852.458
853.043
853.609
854.208
854.895
855.521
856.173
856.904
857.665
858.442
859.150
859.874
860.602
861.249
861.880
862.497
863.088
863.739
864.296
864.782
865.251
865.770
866.223
866.607
866.979
867.447
867.896
868.306
868.711
869.053
869.417
869.733
870.085
870.459
870.838
871.163
871.461
871.774
872.063
872.378
872.707
873.059
873.499
873.914
874.359
874.780
875.245
875.777
876.367
876.889
877.424
877.951
878.415
878.895
879.361
879.719
880.061
880.354
880.684
880.983
881.256
881.461
881.461
881.799
881.799
882.120
882.120
882.451
882.451
882.741
882.741
882.741
883.083
883.083
883.326
883.326
883.537
883.537
883.835
883.835
884.049
884.049
884.304
884.304
884.505
884.505
884.787
884.787
885.132
885.335
885.552
885.552
885.938
885.938
886.265
886.480
886.480
886.854
887.092
887.360
887.588
887.831
888.097
888.359
888.575
888.778
889.004
889.219
889.691
889.922
890.227
890.528
890.833
891.033
891.441
892.156
892.373
892.721
893.077
893.415
893.755
894.071
894.359
894.651
894.883
895.113
895.429
895.679
895.920
896.168
896.405
896.646
896.887
897.153
897.431
897.771
898.051
898.305
898.531
898.531
898.932
899.137
899.137
899.452
899.452
899.752
899.752
900.049
900.337
900.337
900.631
900.834
900.834
901.228
901.441
901.645
901.859
902.074
902.419
902.640
902.890
903.118
903.367
903.581
903.581
904.008
904.008
904.387
904.591
904.591
904.964
904.964
905.336
905.336
905.716
905.716
906.040
906.040
906.374
906.374
906.735
906.735
907.099
907.099
907.423
907.640
907.885
908.186
908.524
908.937
909.330
909.686
910.118
910.544
910.996
911.443
911.838
912.239
912.652
913.007
913.340
913.717
914.110
914.611
915.099
915.533
915.984
916.425
916.835
917.258
917.662
918.042
918.353
918.642
918.884
918.884
919.232
919.232
919.617
919.845
920.146
920.448
920.760
921.065
921.378
921.711
922.004
922.267
922.551
922.878
923.205
923.521
923.872
924.246
924.682
925.114
925.556
926.164
926.767
927.406
928.110
928.819
929.524
930.243
931.072
931.828
932.473
933.212
934.042
934.755
935.465
936.051
936.764
937.468
938.090
938.739
939.333
939.874
940.398
940.893
941.346
941.794
942.156
942.439
942.691
942.964
943.263
943.598
943.938
944.317
944.788
945.260
945.704
946.168
946.671
947.183
947.630
948.058
948.495
948.926
949.412
949.867
950.374
950.866
951.410
952.082
952.707
953.331
953.975
954.677
955.335
956.035
956.695
957.431
958.106
958.700
959.334
959.966
960.567
961.201
961.748
962.238
962.742
963.265
963.761
964.162
964.608
965.026
965.395
965.809
966.218
966.592
966.964
967.252
967.476
967.721
967.978
968.218
968.218
968.596
968.596
968.596
968.832
969.034
969.408
969.408
969.730
969.730
970.136
970.371
970.591
970.817
971.094
971.094
971.491
971.706
971.706
972.031
972.031
972.303
972.303
972.584
972.584
972.936
972.936
973.302
973.510
973.717
973.946
974.165
974.389
974.612
974.854
975.101
975.101
975.466
975.466
975.823
975.823
976.144
976.144
976.460
976.460
976.809
976.809
977.195
977.195
977.527
977.527
977.949
978.151
978.373
978.373
978.801
979.035
979.286
979.568
979.844
980.137
980.408
980.668
980.971
981.308
981.680
982.017
982.315
982.651
982.985
983.316
983.653
983.966
984.306
984.673
985.183
985.537
985.860
986.121
986.391
986.653
986.896
987.158
987.375
987.620
987.837
987.837
988.190
988.190
988.459
988.459
988.739
988.739
989.084
989.290
989.547
989.785
990.020
990.270
990.520
990.729
990.933
990.933
991.280
991.280
991.594
991.594
991.920
991.920
992.149
992.149
992.453
992.453
992.833
992.833
993.187
993.187
993.534
993.534
993.896
994.107
994.336
994.336
994.792
995.045
995.322
995.651
995.940
996.244
996.542
996.814
997.103
997.376
997.595
997.815
998.049
998.256
998.459
998.459
998.877
999.141
999.433
999.748
1000.107
1000.468
1000.782
1001.170
1001.608
1002.011
1002.336
1002.655
1003.020
1003.390
1003.790
1004.240
1004.690
1005.187
1005.729
1006.360
1006.965
1007.611
1008.295
1009.006
1009.740
1010.493
1011.242
1011.992
1012.642
1013.374
1014.085
1014.774
1015.438
1016.055
1016.776
1017.390
1018.069
1018.795
1019.375
1019.952
1020.601
1021.166
1021.597
1022.036
1022.577
1023.036
1023.472
1023.866
1024.177
1024.627
1025.038
1025.431
1025.787
1026.205
1026.585
1027.000
1027.430
1027.924
1028.460
1029.036
1029.604
1030.247
1030.871
1031.623
1032.386
1033.168
1034.012
1034.833
1035.658
1036.482
1037.297
1038.023
1038.827
1039.623
1040.414
1041.218
1042.118
1042.892
1043.724
1044.612
1045.465
1046.294
1047.173
1047.965
1048.598
1049.403
1050.112
1050.794
1051.452
1052.028
1052.649
1053.195
1053.765
1054.288
1054.720
1055.135
1055.514
1055.864
1056.302
1056.690
1057.079
1057.378
1057.647
1057.900
1058.120
1058.120
1058.482
1058.482
1058.883
1059.092
1059.318
1059.562
1059.816
1060.098
1060.379
1060.648
1060.933
1061.285
1061.589
1061.901
1062.260
1062.623
1062.986
1063.383
1063.801
1064.336
1064.844
1065.382
1065.959
1066.555
1067.073
1067.595
1068.210
1068.816
1069.307
1069.814
1070.349
1070.905
1071.420
1071.866
1072.372
1072.906
1073.398
1073.870
1074.398
1074.839
1075.246
1075.676
1076.068
1076.405
1076.674
1076.885
1076.885
1077.242
1077.242
1077.529
1077.529
1077.763
1077.763
1078.015
1078.015
1078.298
1078.298
1078.558
1078.558
1078.872
1079.081
1079.284
1079.284
1079.606
1079.830
1080.043
1080.264
1080.264
1080.618
1080.618
1080.903
1080.903
1081.109
1081.109
1081.109
1081.311
1081.311
1081.311
1081.311
1081.545
1081.545
1081.803
1081.803
1082.202
1082.202
1082.620
1082.867
1083.130
1083.424
1083.742
1084.065
1084.361
1084.629
1084.886
1085.210
1085.574
1085.897
1086.218
1086.606
1086.994
1087.404
1087.856
1088.263
1088.755
1089.372
1089.975
1090.575
1091.228
1091.848
1092.560
1093.220
1093.850
1094.446
1095.048
1095.624
1096.145
1096.689
1097.144
1097.578
1098.067
1098.494
1098.940
1099.408
1099.871
1100.342
1100.759
1101.177
1101.567
1101.948
1102.314
1102.644
1102.924
1102.924
1103.305
1103.305
1103.680
1103.881
1104.098
1104.333
1104.643
1104.997
1105.319
1105.664
1106.114
1106.606
1107.096
1107.602
1108.101
1108.711
1109.345
1109.955
1110.515
1111.076
1111.694
1112.242
1112.861
1113.475
1113.996
1114.629
1115.274
1115.905
1116.595
1117.252
1117.943
1118.639
1119.350
1120.124
1120.829
1121.454
1122.117
1122.740
1123.252
1123.699
1124.135
1124.558
1124.937
1125.374
1125.729
1126.017
1126.257
1126.602
1126.941
1127.259
1127.563
1127.888
1128.219
1128.567
1128.974
1129.447
1129.971
1130.518
1131.026
1131.610
1132.259
1132.999
1133.614
1134.213
1134.798
1135.431
1136.044
1136.596
1137.078
1137.656
1138.238
1138.730
1139.120
1139.568
1140.043
1140.504
1140.980
1141.444
1141.854
1142.244
1142.636
1143.008
1143.339
1143.650
1144.000
1144.278
1144.555
1144.555
1144.918
1145.181
1145.449
1145.751
1146.127
1146.639
1147.053
1147.409
1147.760
1148.133
1148.554
1149.062
1149.485
1149.938
1150.371
1150.792
1151.213
1151.603
1152.047
1152.393
1152.762
1153.123
1153.451
1153.802
1154.157
1154.547
1154.888
1155.216
1155.615
1155.967
1156.398
1156.833
1157.251
1157.606
1157.932
1158.207
1158.518
1158.857
1159.182
1159.530
1159.870
1160.190
1160.547
1160.861
1161.135
1161.377
1161.745
1162.049
1162.383
1162.722
1163.047
1163.401
1163.738
1164.064
1164.401
1164.714
1165.074
1165.456
1165.864
1166.219
1166.496
1166.771
1167.025
1167.327
1167.548
1167.548
1167.942
1167.942
1168.260
1168.260
1168.574
1168.574
1168.849
1168.849
1169.106
1169.106
1169.545
1169.773
1170.021
1170.314
1170.584
1170.868
1171.183
1171.506
1171.903
1172.318
1172.703
1173.059
1173.416
1173.786
1174.096
1174.321
1174.522
1174.729
1174.729
1175.074
1175.330
1175.685
1176.182
1176.754
1177.438
1178.106
1178.906
1179.791
1180.947
1182.095
1183.501
1184.959
1186.628
1188.422
1190.281
1192.347
1194.554
1196.904
1199.335
1202.056
1204.954
1208.157
1211.451
1215.067
1218.838
1222.855
1227.031
1231.218
1235.611
1240.136
1244.734
1249.364
1254.008
1259.264
1263.978
1268.678
1273.396
1278.161
1282.771
1287.431
1292.015
1296.573
1300.961
1305.291
1309.581
1313.724
1317.778
1321.897
1325.714
1329.275
1332.731
1335.910
1339.012
1341.769
1344.472
1346.958
1349.340
1351.449
1353.410
1355.146
1356.612
1357.849
1359.305
1359.929
1360.395
1360.717
1360.993
1361.247
1361.247
1361.660
1361.998
1362.360
1362.820
1363.235
1363.733
1364.379
1365.008
1365.440
1366.085
1366.318
1366.318
1366.659
1367.512
1367.797
1368.297
1369.501
1370.081
1370.762
1371.611
1372.451
1373.332
1373.989
1374.527
1375.259
1376.009
1376.680
1377.462
1378.344
1379.284
1380.257
1381.196
1381.979
1382.631
1383.268
1383.800
1384.982
1385.692
1386.381
1387.469
1388.526
1389.810
1391.129
1392.689
1394.264
1395.681
1396.966
1397.956
1398.982
1400.021
1400.969
1402.051
1403.306
1404.466
1405.675
1406.816
1407.794
1408.744
1409.629
1410.544
1411.524
1412.666
1413.974
1415.363
1416.766
1418.435
1419.855
1421.451
1423.087
1424.967
1426.759
1428.667
1430.613
1432.631
1434.622
1436.605
1438.585
1440.472
1442.393
1444.312
1446.175
1447.992
1449.737
1451.401
1452.991
1454.572
1456.139
1457.599
1458.921
1460.347
1461.722
1463.114
1464.611
1466.084
1467.768
1469.456
1471.307
1473.127
1474.928
1476.815
1478.838
1480.812
1482.844
1484.965
1487.015
1489.005
1490.938
1492.699
1494.404
1495.902
1497.277
1498.638
1499.878
1501.036
1502.091
1502.936
1503.816
1504.594
1505.377
1506.325
1507.283
1508.255
1509.201
1510.086
1510.905
1511.691
1512.592
1513.419
1514.162
1514.960
1515.777
1516.520
1517.216
1517.867
1518.416
1518.870
1519.209
1519.484
1519.761
1520.120
1520.477
1520.833
1521.200
1521.619
1522.156
1522.700
1523.236
1523.827
1524.439
1525.206
1526.065
1526.935
1527.831
1528.694
1529.569
1530.359
1531.339
1532.405
1533.530
1534.812
1536.169
1537.630
1539.181
1540.670
1542.236
1543.838
1545.530
1547.110
1548.683
1550.146
1551.555
1552.733
1554.012
1555.149
1556.239
1557.341
1558.569
1559.784
1560.938
1562.210
1563.426
1564.566
1565.686
1566.670
1567.563
1568.396
1569.249
1570.116
1571.028
1572.078
1573.137
1574.274
1575.459
1576.637
1577.823
1579.104
1580.439
1581.739
1583.226
1584.711
1586.178
1587.854
1589.511
1591.221
1593.074
1595.028
1596.876
1598.884
1600.881
1602.820
1604.839
1606.828
1608.780
1610.689
1612.573
1614.356
1616.058
1617.735
1619.168
1620.590
1621.799
1622.919
1623.923
1625.143
1625.903
1626.543
1627.049
1627.444
1627.833
1628.259
1628.729
1629.268
1629.876
1630.917
1631.721
1632.620
1633.392
1634.368
1635.285
1636.173
1637.140
1637.963
1638.798
1639.672
1640.553
1641.446
1642.102
1642.917
1643.714
1644.399
1645.167
1645.914
1646.596
1647.304
1647.933
1648.491
1649.058
1649.637
1650.200
1650.759
1651.391
1652.015
1652.671
1653.393
1654.230
1655.047
1656.024
1656.993
1658.354
1659.534
1660.805
1662.197
1663.667
1665.189
1666.760
1668.446
1670.358
1672.225
1674.058
1675.973
1677.993
1680.050
1682.141
1684.286
1686.430
1688.542
1690.705
1692.850
1694.961
1696.889
1698.913
1700.795
1702.702
1704.397
1706.167
1707.839
1709.448
1710.969
1712.461
1713.857
1715.126
1716.346
1717.348
1718.407
1719.283
1720.131
1720.840
1721.496
1722.261
1722.791
1723.173
1723.854
1724.242
1724.527
1724.827
1724.827
1725.156
1725.565
1725.991
1726.356
1726.698
1727.046
1727.531
1728.066
1728.563
1729.014
1729.453
1729.925
1730.396
1730.862
1731.420
1732.001
1732.618
1733.325
1734.061
1734.843
1735.650
1736.410
1737.182
1737.984
1738.696
1739.424
1740.187
1741.020
1741.849
1742.836
1743.842
1744.752
1745.488
1746.097
1746.658
1747.264
1747.776
1748.322
1748.958
1749.662
1750.477
1751.373
1752.436
1753.372
1754.299
1755.255
1756.043
1756.775
1757.506
1758.246
1758.976
1759.764
1760.518
1761.228
1761.918
1762.495
1762.964
1763.383
1763.761
1764.114
1764.503
1764.870
1765.176
1765.452
1765.452
1765.851
1766.088
1766.397
1766.834
1767.332
1767.735
1768.020
1768.020
1768.020
1768.306
1768.515
1768.723
1768.723
1769.114
1769.394
1769.723
1770.139
1770.593
1771.070
1771.649
1772.141
1772.709
1773.470
1774.257
1775.094
1776.022
1776.754
1777.354
1777.993
1778.621
1779.222
1779.770
1780.429
1781.177
1781.840
1782.576
1783.238
1783.782
1784.381
1785.001
1785.720
1786.418
1787.147
1787.927
1788.725
1789.459
1790.168
1790.833
1791.398
1791.948
1792.602
1793.266
1794.112
1795.017
1796.111
1797.323
1798.678
1800.039
1801.635
1803.156
1804.889
1806.819
1808.996
1811.304
1813.835
1816.535
1819.315
1822.241
1825.365
1828.577
1831.808
1835.109
1838.420
1841.764
1845.182
1848.421
1851.808
1855.079
1858.266
1861.459
1864.613
1867.666
1870.548
1873.318
1876.302
1878.819
1881.267
1883.534
1885.725
1887.719
1889.656
1891.412
1893.102
1894.650
1895.983
1897.303
1898.374
1899.376
1900.169
1900.971
1901.842
1902.674
1903.551
1904.437
1905.493
1906.454
1907.619
1908.788
1910.020
1911.471
1912.867
1914.519
1916.231
1917.916
1919.745
1921.586
1923.425
1925.199
1926.973
1928.437
1929.915
1931.262
1932.509
1933.537
1934.566
1935.451
1936.280
1936.956
1937.688
1938.355
1938.992
1939.730
1940.465
1941.316
1942.303
1943.392
1944.743
1946.094
1947.667
1949.515
1951.246
1953.024
1954.849
1956.692
1958.594
1960.550
1962.408
1964.347
1966.187
1968.037
1969.904
1971.568
1973.167
1974.648
1976.017
1977.385
1978.531
1979.611
1980.667
1981.525
1982.342
1983.135
1983.723
1984.202
1984.694
1985.183
1985.557
1985.870
1986.215
1986.553
1987.234
1987.595
1987.966
1988.345
1988.759
1988.759
1989.297
1989.740
1990.271
1991.012
1991.691
1992.349
1992.931
1993.508
1993.980
1994.423
1995.006
1995.674
1996.519
1997.350
1998.082
1998.663
1999.007
1999.380
1999.805
2000.165
2000.740
2001.540
2002.445
2003.141
2003.725
2004.222
2004.786
2005.550
2006.233
2007.137
2008.157
2009.171
2010.058
2010.628
2011.005
2011.329
2011.573
2011.842
2012.178
2012.587
2013.090
2013.694
2014.297
2014.926
2015.336
2015.705
2016.075
2016.414
2016.817
2017.339
2017.895
2018.592
2019.258
2019.765
2020.352
2020.999
2021.573
2022.139
2022.722
2023.179
2023.635
2024.048
2024.398
2024.795
2025.148
2025.379
2025.379
2025.629
2025.629
2025.629
2025.931
2026.143
2026.366
2026.643
2027.062
2027.512
2028.016
2028.525
2029.034
2029.485
2030.002
2030.596
2031.241
2031.873
2032.455
2032.944
2033.330
2033.763
2034.239
2034.761
2035.292
2035.784
2036.372
2037.037
2037.672
2038.273
2038.971
2039.563
2040.096
2040.638
2041.220
2041.823
2042.496
2043.138
2043.795
2044.400
2044.902
2045.305
2045.592
2045.896
2046.227
2046.522
2046.895
2047.406
2048.101
2048.900
2049.811
2050.983
2052.222
2053.675
2055.296
2057.177
2059.133
2061.354
2063.669
2066.097
2068.746
2071.475
2074.479
2077.572
2080.748
2084.090
2087.414
2090.880
2094.344
2097.829
2101.305
2104.854
2108.243
2111.714
2114.946
2118.136
2121.302
2124.343
2127.210
2129.849
2132.345
2134.629
2136.720
2138.529
2140.023
2141.324
2142.333
2143.066
2143.682
2144.104
2144.550
2145.158
2145.833
2146.689
2147.888
2149.142
2150.480
2152.167
2153.777
2155.538
2157.243
2159.021
2160.839
2162.614
2164.394
2166.028
2167.553
2169.000
2170.186
2171.431
2172.433
2173.376
2174.138
2174.908
2175.605
2176.134
2176.599
2177.041
2177.521
2177.928
2178.282
2178.728
2179.196
2179.708
2180.538
2181.239
2181.980
2182.718
2183.417
2184.217
2185.031
2185.880
2186.736
2187.629
2188.559
2189.465
2190.425
2191.555
2192.594
2193.570
2194.555
2195.613
2196.624
2197.508
2198.511
2199.415
2200.315
2201.224
2202.135
2202.982
2203.829
2204.642
2205.379
2206.085
2206.775
2207.358
2207.970
2208.582
2209.106
2209.625
2210.133
2210.837
2211.220
2211.529
2211.816
2212.180
2212.524
2212.867
2213.240
2213.617
2213.909
2214.215
2214.574
2214.956
2215.373
2215.775
2216.266
2216.703
2217.277
2217.744
2218.218
2218.741
2219.379
2219.951
2220.470
2220.997
2221.478
2221.980
2222.488
2223.107
2223.729
2224.467
2224.914
2225.404
2225.808
2226.148
2226.514
2226.921
2227.328
2227.705
2228.000
2228.264
2228.518
2228.888
2229.297
2229.874
2230.624
2231.372
2232.003
2232.601
2233.130
2233.607
2234.030
2234.278
2234.541
2234.841
2235.213
2235.633
2236.105
2236.633
2237.163
2237.623
2238.054
2238.433
2238.796
2239.265
2239.829
2240.339
2240.747
2241.125
2241.440
2241.700
2241.700
2242.031
2242.031
2242.529
2242.933
2243.319
2243.655
2243.917
2243.917
2244.288
2244.546
2244.779
2245.091
2245.557
2245.894
2246.146
2246.146
2246.427
2246.427
2246.768
2246.768
2247.099
2247.099
2247.364
2247.364
2247.775
2247.983
2247.983
2248.313
2248.313
2248.714
2249.066
2249.472
2249.898
2250.446
2250.962
2251.529
2252.080
2252.550
2253.019
2253.490
2253.943
2254.361
2254.680
2255.167
2255.924
2256.567
2257.185
2257.684
2258.206
2258.737
2259.309
2259.810
2260.314
2260.989
2261.664
2262.339
2262.979
2263.553
2264.096
2264.583
2265.055
2265.490
2265.929
2266.430
2266.931
2267.493
2268.191
2268.837
2269.591
2270.332
2270.935
2271.542
2272.244
2272.993
2273.873
2274.776
2275.789
2276.891
2277.980
2279.242
2280.492
2281.910
2283.253
2284.694
2286.076
2287.438
2288.741
2290.037
2291.186
2292.420
2293.563
2294.796
2296.107
2297.349
2298.611
2299.956
2301.197
2302.521
2303.874
2305.145
2306.309
2307.482
2308.495
2309.484
2310.339
2311.185
2311.949
2312.552
2313.074
2313.560
2314.110
2314.548
2314.868
2315.137
2315.636
2315.848
2315.848
2316.224
2316.224
2316.550
2316.550
2316.550
2316.888
2316.888
2317.275
2317.512
2317.755
2318.006
2318.217
2318.217
2318.560
2318.815
2319.085
2319.387
2319.660
2319.883
2319.883
2320.249
2320.249
2320.595
2320.876
2321.214
2321.655
2322.209
2322.916
2323.743
2324.638
2325.690
2326.771
2327.829
2329.017
2330.543
2331.654
2332.855
2333.934
2335.093
2336.113
2337.256
2338.316
2339.326
2340.316
2341.367
2342.288
2343.227
2344.134
2345.049
2345.861
2346.697
2347.440
2348.050
2348.814
2349.477
2350.250
2351.030
2351.796
2352.569
2353.211
2353.977
2354.586
2355.096
2355.559
2356.080
2356.578
2356.952
2357.294
2357.294
2357.578
2357.807
2358.238
2358.559
2358.787
2359.072
2359.448
2359.872
2360.381
2360.842
2361.221
2361.635
2362.110
2362.608
2363.266
2363.788
2364.363
2364.897
2365.354
2365.889
2366.474
2367.019
2367.539
2368.059
2368.714
2369.356
2370.032
2370.685
2371.490
2372.360
2373.204
2374.271
2375.275
2376.337
2377.393
2378.454
2379.499
2380.690
2381.855
2383.221
2384.389
2385.586
2386.727
2387.576
2388.583
2389.510
2390.448
2391.515
2392.595
2393.580
2394.649
2395.772
2396.828
2397.838
2398.732
2399.582
2400.258
2400.831
2401.337
2401.846
2402.448
2403.050
2403.638
2404.072
2404.313
2404.313
2404.611
2404.611
2404.960
2404.960
2405.355
2405.672
2405.956
2406.172
2406.399
2406.628
2406.912
2407.239
2407.504
2407.819
2408.105
2408.387
2408.649
2408.896
2409.127
2409.378
2409.614
2409.924
2410.295
2410.644
2411.029
2411.395
2411.936
2412.706
2413.587
2414.652
2415.786
2417.029
2418.229
2419.453
2420.514
2421.485
2422.327
2422.993
2423.611
2424.129
2424.612
2424.963
2425.258
2425.540
2425.929
2426.482
2427.197
2427.994
2428.923
2430.011
2431.145
2432.446
2433.895
2435.574
2437.267
2439.056
2440.923
2442.855
2444.829
2446.817
2448.843
2450.929
2452.988
2455.064
2457.160
2459.243
2461.407
2463.605
2465.777
2468.030
2470.267
2472.404
2474.569
2476.711
2478.917
2481.082
2483.069
2485.161
2487.263
2489.297
2491.258
2493.182
2495.052
2496.789
2498.541
2500.102
2501.582
2502.854
2504.201
2505.552
2506.568
2507.396
2508.089
2508.636
2508.992
2509.359
2509.970
2510.324
2510.948
2511.520
2512.229
2512.964
2513.924
2514.819
2515.708
2516.800
2517.961
2519.082
2520.216
2521.259
2522.267
2523.255
2524.179
2525.119
2526.038
2526.818
2527.474
2528.052
2528.707
2529.104
2529.448
2529.771
2530.093
2530.485
2530.926
2531.431
2531.963
2532.509
2533.268
2534.056
2535.056
2535.958
2536.967
2537.945
2539.075
2540.198
2541.345
2542.552
2543.697
2544.934
2546.144
2547.319
2548.578
2549.825
2551.037
2552.188
2553.283
2554.536
2555.572
2556.708
2557.785
2558.714
2559.590
2560.339
2560.954
2561.482
2561.969
2562.407
2562.788
2563.145
2563.502
2563.819
2564.089
2564.429
2564.759
2565.075
2565.447
2565.846
2566.256
2566.644
2567.028
2567.382
2567.679
2567.954
2568.235
2568.575
2568.951
2569.404
2569.905
2570.413
2570.870
2571.243
2571.668
2572.140
2572.669
2573.196
2573.748
2574.187
2574.509
2574.832
2575.103
2575.371
2575.704
2576.074
2576.493
2576.961
2577.576
2578.170
2578.775
2579.362
2579.916
2580.300
2580.608
2580.964
2581.556
2582.512
2583.679
2584.930
2586.109
2587.246
2588.180
2588.983
2589.788
2590.594
2591.237
2591.718
2592.103
2592.428
2592.701
2593.036
2593.489
2594.040
2594.702
2595.427
2596.259
2597.002
2597.752
2598.589
2599.487
2600.428
2601.526
2602.581
2603.750
2604.738
2605.601
2606.370
2607.045
2607.708
2608.342
2609.069
2609.655
2610.096
2610.376
2610.376
2610.646
2610.883
2611.202
2611.703
2612.266
2612.824
2613.405
2613.932
2614.421
2614.890
2615.374
2615.928
2616.484
2617.018
2617.523
2618.035
2618.581
2619.125
2619.599
2620.079
2620.669
2621.252
2621.665
2622.169
2622.945
2623.709
2624.390
2624.967
2625.583
2626.207
2626.796
2627.370
2628.115
2628.845
2629.638
2630.661
2631.551
2632.388
2633.312
2634.238
2635.033
2635.839
2636.512
2637.250
2637.853
2638.329
2638.740
2639.103
2639.490
2639.916
2640.480
2641.280
2642.191
2643.304
2644.591
2646.161
2647.795
2649.551
2651.452
2653.530
2655.684
2658.059
2660.588
2663.272
2666.169
2668.923
2671.900
2674.927
2678.056
2681.200
2684.382
2687.511
2690.564
2693.612
2696.515
2699.310
2701.927
2704.537
2707.050
2709.373
2711.630
2713.617
2715.581
2717.292
2718.711
2720.138
2721.159
2722.006
2722.563
2722.894
2722.894
2723.570
2724.317
2725.269
2726.564
2728.018
2729.696
2731.503
2733.503
2735.619
2737.889
2740.266
2742.785
2745.239
2747.705
2750.073
2752.367
2754.471
2756.367
2758.031
2759.534
2760.681
2761.599
2762.155
2762.585
2762.848
2763.055
2763.055
2763.450
2763.676
2763.894
2763.894
2764.154
2764.154
2764.154
2764.154
2764.528
2764.890
2765.319
2765.778
2766.243
2766.826
2767.428
2768.120
2768.813
2769.628
2770.481
2771.272
2772.117
2772.902
2773.666
2774.389
2775.240
2776.027
2776.683
2777.430
2778.127
2778.788
2779.417
2780.062
2780.735
2781.395
2782.087
2782.813
2783.500
2784.236
2785.073
2785.922
2786.797
2787.581
2788.330
2789.051
2789.774
2790.438
2791.119
2791.887
2792.527
2793.021
2793.655
2794.283
2794.831
2795.292
2795.737
2796.119
2796.464
2796.974
2797.248
2797.710
2798.257
2798.729
2799.113
2799.473
2799.874
2799.874
2800.164
2800.446
2800.791
2801.157
2801.734
2802.277
2802.878
2803.452
2804.057
2804.685
2805.269
2805.819
2806.385
2806.795
2807.204
2807.578
2807.927
2808.220
2808.491
2808.747
2809.016
2809.306
2809.577
2809.927
2810.341
2810.788
2811.262
2811.654
2812.030
2812.389
2812.770
2813.188
2813.672
2814.159
2814.585
2815.017
2815.489
2816.003
2816.444
2816.825
2817.229
2817.650
2818.060
2818.508
2818.928
2819.336
2819.806
2820.251
2820.655
2820.958
2821.208
2821.208
2821.495
2821.495
2821.729
2821.729
2822.029
2822.029
2822.303
2822.529
2822.822
2823.174
2823.536
2823.862
2824.206
2824.584
2825.000
2825.496
2825.996
2826.542
2827.107
2827.641
2828.082
2828.609
2829.297
2829.979
2830.629
2831.141
2831.575
2831.994
2832.456
2832.900
2833.274
2833.768
2834.395
2834.951
2835.473
2835.950
2836.523
2836.971
2837.425
2837.783
2838.111
2838.410
2838.681
2838.908
2839.160
2839.414
2839.703
2840.025
2840.425
2840.882
2841.443
2842.121
2842.880
2843.676
2844.590
2845.523
2846.467
2847.613
2848.887
2850.288
2851.799
2853.393
2855.147
2857.007
2858.971
2860.997
2862.995
2865.157
2867.409
2869.760
2872.210
2874.649
2877.181
2879.760
2882.377
2884.953
2887.451
2890.082
2892.397
2894.346
2896.732
2898.548
2900.241
2901.677
2903.017
2904.091
2904.985
2905.635
2905.970
2905.970
2905.970
2906.364
2906.929
2907.791
2908.822
2910.173
2911.487
2912.952
2914.510
2916.021
2917.565
2919.038
2920.472
2921.773
2922.897
2923.871
2924.689
2925.272
2925.804
2926.220
2926.576
2926.839
2927.053
2927.291
2927.291
2927.680
2927.932
2928.244
2928.705
2929.177
2929.963
2930.571
2931.287
2932.092
2932.930
2933.747
2934.498
2935.177
2935.798
2936.475
2937.151
2937.858
2938.546
2939.122
2939.732
2940.300
2940.807
2941.243
2941.690
2942.289
2942.857
2943.363
2943.830
2944.298
2944.756
2945.165
2945.583
2946.114
2946.783
2947.445
2948.066
2948.554
2948.947
2948.947
2949.174
2949.174
2949.441
2949.731
2950.189
2950.653
2951.133
2951.626
2952.032
2952.435
2952.869
2953.364
2953.895
2954.479
2955.144
2955.860
2956.475
2956.920
2957.445
2957.849
2958.342
2958.949
2959.691
2960.393
2961.155
2961.957
2962.741
2963.468
2964.148
2964.926
2965.782
2966.582
2967.377
2968.193
2969.032
2969.915
2970.810
2971.777
2972.741
2973.778
2974.854
2975.740
2976.538
2977.210
2977.884
2978.501
2979.039
2979.444
2979.841
2980.296
2980.898
2981.631
2982.427
2983.148
2983.873
2984.590
2985.220
2985.825
2986.538
2987.302
2987.999
2988.773
2989.540
2990.285
2990.949
2991.493
2992.024
2992.478
2992.898
2993.183
2993.404
2993.404
2993.743
2993.996
2994.377
2994.877
2995.449
2995.972
2996.517
2997.180
2997.854
2998.586
2999.313
3000.143
3000.950
3001.618
3002.245
3002.891
3003.464
3004.200
3004.989
3005.689
3006.232
3006.819
3007.495
3008.221
3008.997
3010.188
3011.475
3012.777
3013.944
3015.190
3016.262
3017.388
3018.351
3019.566
3020.564
3021.576
3022.559
3023.258
3023.911
3024.529
3024.926
3025.200
3025.458
3025.856
3026.296
3026.903
3027.684
3028.631
3029.621
3030.807
3032.080
3033.594
3035.022
3036.469
3038.107
3039.695
3041.370
3043.038
3044.788
3046.605
3048.376
3050.196
3052.117
3054.004
3055.821
3057.625
3059.524
3061.355
3063.158
3064.918
3066.755
3068.539
3070.204
3072.027
3073.726
3075.348
3077.061
3078.694
3080.318
3082.174
3083.726
3085.293
3086.696
3088.204
3089.600
3090.932
3092.218
3093.372
3094.448
3095.437
3096.360
3097.108
3097.731
3098.252
3098.657
3099.009
3099.267
3099.491
3099.718
3099.950
3100.239
3100.558
3100.558
3101.083
3101.573
3102.221
3102.902
3103.702
3104.540
3105.380
3106.372
3107.426
3108.514
3109.673
3110.894
3112.028
3113.148
3114.155
3115.138
3116.106
3116.914
3117.862
3118.672
3119.342
3119.976
3120.583
3121.269
3121.916
3122.608
3123.323
3124.150
3125.000
3125.938
3126.930
3127.959
3129.094
3130.224
3131.552
3132.737
3133.990
3135.252
3136.535
3137.890
3139.200
3140.501
3141.878
3143.171
3144.460
3145.785
3146.934
3148.129
3149.226
3150.434
3151.518
3152.609
3153.744
3154.725
3155.817
3156.708
3157.567
3158.463
3159.372
3160.105
3160.910
3161.807
3162.610
3163.452
3164.303
3165.068
3165.834
3166.706
3167.504
3168.340
3169.159
3169.911
3170.651
3171.351
3172.070
3172.789
3173.522
3174.201
3174.726
3175.127
3175.467
3175.819
3176.208
3176.725
3177.403
3178.186
3178.908
3179.595
3180.264
3180.946
3181.529
3182.047
3182.592
3183.168
3183.673
3184.136
3184.496
3184.785
3185.147
3185.453
3185.798
3186.214
3186.725
3187.392
3188.061
3188.676
3189.149
3189.474
3189.747
3189.998
3190.242
3190.569
3191.068
3191.741
3192.321
3192.894
3193.519
3194.174
3194.862
3195.534
3196.320
3197.270
3198.096
3199.135
3200.105
3201.122
3202.131
3203.141
3204.264
3205.274
3206.160
3207.118
3208.027
3208.793
3209.560
3210.342
3211.028
3211.553
3212.030
3212.360
3212.641
3212.875
3213.182
3213.464
3213.821
3214.203
3214.629
3215.088
3215.516
3215.831
3216.250
3216.654
3217.046
3217.365
3217.675
3218.023
3218.353
3218.749
3219.151
3219.531
3219.951
3220.451
3220.928
3221.357
3221.928
3222.505
3223.152
3223.805
3224.416
3224.949
3225.482
3225.983
3226.406
3226.890
3227.460
3228.212
3229.088
3230.015
3231.002
3231.995
3232.818
3233.587
3234.416
3235.131
3235.755
3236.385
3237.102
3237.849
3238.713
3239.662
3240.665
3241.679
3242.666
3243.703
3244.772
3245.794
3246.758
3247.732
3248.783
3249.810
3250.844
3251.959
3253.205
3254.401
3255.672
3256.893
3258.279
3259.659
3261.179
3262.738
3264.298
3265.983
3267.740
3269.643
3271.547
3273.491
3275.517
3277.499
3279.563
3281.645
3283.745
3285.837
3288.020
3290.129
3292.203
3294.293
3296.367
3298.424
3300.512
3302.562
3304.613
3306.619
3308.588
3310.553
3312.574
3314.403
3316.092
3317.851
3319.373
3320.998
3322.552
3324.008
3325.435
3326.798
3328.167
3329.449
3330.626
3331.752
3332.755
3333.806
3334.726
3335.561
3336.426
3337.272
3337.887
3338.552
3339.185
3339.819
3340.272
3340.756
3341.215
3341.591
3341.930
3342.252
3342.735
3343.030
3343.337
3343.673
3343.983
3344.373
3344.728
3345.119
3345.528
3345.899
3346.183
3346.456
3346.755
3347.009
3347.346
3347.700
3348.049
3348.598
3349.068
3349.636
3350.331
3351.131
3352.019
3353.054
3354.173
3355.300
3356.482
3357.762
3359.077
3360.565
3362.233
3363.815
3365.347
3366.870
3368.338
3369.745
3371.167
3372.514
3373.794
3375.049
3376.220
3377.199
3378.185
3379.091
3379.816
3380.694
3381.475
3382.279
3383.046
3383.772
3384.519
3385.270
3386.043
3386.910
3387.745
3388.613
3389.553
3390.527
3391.548
3392.556
3393.548
3394.611
3395.550
3396.472
3397.240
3397.993
3398.659
3399.310
3399.978
3400.534
3401.115
3401.759
3402.508
3403.227
3404.036
3404.758
3405.509
3406.288
3407.042
3407.823
3408.476
3409.125
3409.740
3410.295
3410.866
3411.506
3412.125
3412.649
3413.195
3413.779
3414.488
3415.142
3415.798
3416.611
3417.485
3418.232
3419.017
3419.854
3420.579
3421.270
3421.932
3422.560
3423.034
3423.432
3423.929
3424.490
3425.056
3425.607
3426.261
3427.053
3427.850
3428.716
3429.552
3430.481
3431.443
3432.349
3433.143
3433.864
3434.606
3435.233
3435.864
3436.480
3437.201
3437.908
3438.631
3439.240
3439.824
3440.323
3440.793
3441.260
3441.635
3442.013
3442.379
3442.712
3443.033
3443.344
3443.663
3443.999
3444.266
3444.498
3444.848
3445.297
3445.833
3446.278
3446.651
3446.968
3447.250
3447.504
3447.759
3448.038
3448.354
3448.599
3448.599
3448.599
3448.810
3448.810
3449.141
3449.378
3449.662
3449.995
3450.233
3450.455
3450.670
3450.913
3451.254
3451.731
3452.336
3452.987
3453.637
3454.263
3454.864
3455.286
3455.631
3456.042
3456.707
3457.594
3458.508
3459.572
3460.681
3461.641
3462.522
3463.185
3463.791
3464.376
3464.969
3465.623
3466.258
3466.935
3467.732
3468.464
3469.137
3469.794
3470.421
3471.022
3471.622
3472.263
3472.916
3473.616
3474.520
3475.458
3476.562
3477.670
3478.849
3480.248
3481.737
3483.269
3484.968
3486.760
3488.660
3490.714
3492.897
3495.242
3497.601
3500.032
3502.497
3504.941
3507.466
3510.026
3512.468
3514.994
3517.549
3520.072
3522.786
3525.237
3527.665
3530.011
3532.392
3534.605
3536.715
3538.691
3540.496
3542.189
3543.786
3545.253
3546.494
3547.676
3548.743
3549.770
3550.603
3551.420
3552.203
3552.987
3553.818
3554.624
3555.418
3556.191
3556.977
3557.617
3558.341
3559.098
3559.967
3560.867
3561.764
3562.715
3563.726
3564.630
3565.609
3566.361
3567.098
3567.800
3568.460
3568.970
3569.436
3569.805
3570.173
3570.390
3570.591
3570.591
3570.944
3570.944
3571.204
3571.204
3571.204
3571.490
3571.490
3571.842
3571.842
3572.299
3572.582
3572.963
3573.381
3574.083
3574.547
3575.086
3575.605
3576.123
3576.655
3577.273
3577.944
3578.650
3579.376
3580.063
3580.780
3581.468
3582.248
3583.004
3583.558
3584.180
3584.628
3585.329
3585.805
3586.306
3586.787
3587.234
3587.703
3588.180
3588.748
3589.332
3589.791
3590.337
3590.822
3591.324
3591.761
3592.216
3592.905
3593.320
3593.659
3594.556
3594.833
3595.059
3595.308
3595.571
3595.851
3596.125
3596.376
3596.376
3596.783
3596.783
3597.061
3597.371
3597.673
3598.043
3598.386
3598.680
3598.936
3599.200
3599.437
3599.675
3599.896
3600.130
3600.372
3600.761
3601.201
3601.657
3602.116
3602.538
3602.989
3603.444
3603.860
3604.152
3604.404
3604.779
3605.254
3605.887
3606.689
3607.550
3608.360
3609.188
3610.085
3610.861
3611.547
3612.130
3612.693
3613.294
3613.989
3614.608
3615.221
3615.894
3616.629
3617.265
3617.989
3618.786
3619.671
3620.574
3621.345
3622.076
3622.818
3623.484
3624.124
3624.827
3625.606
3626.448
3627.235
3627.893
3628.489
3629.039
3629.500
3629.962
3630.405
3630.835
3631.090
3631.090
3631.382
3631.623
3632.010
3632.502
3633.084
3633.619
3634.380
3635.312
3636.173
3637.353
3638.349
3639.491
3640.406
3641.384
3642.259
3642.937
3643.681
3644.396
3644.884
3645.400
3645.859
3646.288
3646.705
3647.080
3647.438
3647.767
3648.040
3648.344
3648.660
3649.062
3649.611
3650.174
3650.875
3651.688
3652.792
3653.874
3655.308
3656.820
3658.493
3660.316
3662.132
3664.060
3666.048
3668.118
3670.347
3672.682
3675.086
3677.563
3680.054
3682.607
3685.120
3687.734
3690.257
3692.788
3695.337
3697.800
3700.338
3702.837
3705.257
3707.716
3710.163
3712.537
3714.787
3716.911
3719.103
3721.149
3723.123
3724.944
3726.777
3728.805
3730.215
3732.012
3733.419
3734.864
3736.237
3737.715
3738.871
3739.901
3740.817
3741.588
3742.360
3742.988
3743.497
3744.174
3744.584
3745.030
3745.737
3746.375
3747.155
3748.053
3749.039
3750.025
3750.982
3752.187
3753.267
3754.491
3755.504
3756.623
3757.579
3758.493
3759.108
3759.736
3760.377
3761.072
3761.575
3762.120
3762.630
3762.984
3763.268
3763.494
3763.739
3764.078
3764.514
3765.031
3766.487
3767.213
3767.976
3768.782
3770.032
3770.978
3772.022
3773.250
3774.336
3775.413
3776.476
3777.735
3778.941
3780.121
3781.259
3782.367
3783.518
3784.570
3785.488
3786.469
3787.389
3788.283
3789.093
3789.913
3790.705
3791.463
3792.208
3792.881
3793.583
3794.384
3795.329
3796.211
3796.971
3797.696
3798.474
3799.481
3800.332
3801.139
3801.959
3802.729
3803.540
3804.425
3805.305
3806.177
3807.128
3808.075
3809.053
3809.949
3810.847
3811.773
3812.717
3813.585
3814.507
3815.327
3816.144
3816.985
3817.706
3818.382
3819.136
3819.851
3820.513
3821.148
3821.785
3822.415
3822.984
3823.525
3824.023
3824.504
3824.978
3825.332
3825.666
3825.963
3826.286
3826.696
3827.045
3827.528
3828.086
3828.660
3829.373
3830.099
3830.924
3831.724
3832.656
3833.650
3834.794
3835.974
3837.154
3838.214
3839.175
3840.048
3840.821
3841.440
3842.087
3842.773
3843.549
3844.394
3845.297
3846.272
3847.170
3848.010
3848.833
3849.523
3850.121
3850.695
3851.211
3851.640
3852.051
3852.577
3853.180
3853.763
3854.291
3854.728
3855.055
3855.270
3855.270
3855.526
3855.526
3855.807
3855.807
3856.212
3856.544
3856.831
3857.100
3857.100
3857.370
3857.370
3857.370
3857.682
3857.682
3858.087
3858.306
3858.306
3858.624
3858.833
3859.051
3859.051
3859.394
3859.644
3859.920
3860.266
3860.625
3861.059
3861.609
3862.190
3862.727
3863.348
3864.054
3864.921
3866.006
3866.973
3867.940
3868.879
3869.656
3870.368
3871.141
3871.960
3872.855
3873.873
3874.900
3875.936
3876.936
3877.963
3878.968
3879.914
3880.663
3881.485
3882.266
3883.090
3883.850
3884.528
3885.201
3885.917
3886.516
3887.088
3887.649
3888.224
3888.713
3889.187
3889.656
3890.187
3890.816
3891.584
3892.426
3893.253
3894.130
3895.078
3895.998
3897.016
3898.136
3899.300
3900.575
3902.251
3903.711
3905.371
3907.114
3908.918
3910.739
3912.695
3914.809
3916.997
3919.124
3921.301
3923.647
3926.106
3928.621
3931.391
3934.143
3936.838
3939.621
3942.378
3945.141
3947.900
3950.558
3953.109
3955.552
3957.927
3960.127
3962.243
3964.158
3966.063
3967.707
3969.109
3970.352
3971.494
3972.510
3973.366
3974.110
3974.554
3974.979
3975.420
3975.910
3976.547
3977.319
3978.332
3979.420
3980.638
3981.537
3982.803
3984.814
3986.167
3987.824
3989.312
3991.023
3992.575
3993.982
3995.314
3996.588
3997.665
3998.663
3999.531
4000.468
4001.175
4001.713
4002.148
4002.538
4002.812
4003.020
4003.020
4003.360
4003.360
4003.739
4003.739
4004.080
4004.282
4004.282
4004.664
4005.003
4005.360
4005.780
4006.479
4007.122
4007.800
4008.489
4009.355
4010.174
4010.975
4011.859
4012.658
4013.592
4014.537
4015.428
4016.233
4016.984
4017.750
4018.364
4018.930
4019.424
4019.893
4020.496
4021.255
4021.717
4022.211
4022.672
4023.291
4023.898
4024.486
4025.134
4025.663
4026.191
4026.696
4027.199
4027.683
4028.197
4028.625
4028.959
4029.226
4029.489
4029.700
4029.939
4030.177
4030.387
4030.647
4030.981
4031.283
4031.661
4032.109
4032.556
4033.024
4033.426
4033.747
4034.152
4034.500
4034.843
4035.370
4035.861
4036.317
4036.774
4037.159
4037.567
4037.993
4038.495
4039.023
4039.622
4040.256
4040.879
4041.494
4042.079
4042.573
4043.128
4043.608
4044.142
4044.788
4045.433
4046.187
4046.992
4047.779
4048.564
4049.407
4050.254
4051.273
4052.375
4053.600
4054.997
4056.389
4057.923
4059.597
4061.336
4063.213
4065.194
4067.249
4069.266
4071.278
4073.317
4075.354
4077.422
4079.465
4081.285
4083.165
4084.933
4086.607
4088.215
4089.752
4091.348
4092.869
4094.328
4095.771
4097.043
4098.405
4099.620
4100.636
4101.649
4102.571
4103.428
4104.139
4104.700
4105.287
4105.814
4106.249
4106.644
4106.993
4107.320
4107.577
4107.811
4107.811
4108.134
4108.134
4108.487
4108.487
4108.895
4109.130
4109.381
4109.611
4109.869
4110.122
4110.407
4110.663
4110.919
4111.176
4111.412
4111.681
4111.982
4112.255
4112.550
4112.800
4113.019
4113.235
4113.451
4113.661
4113.886
4114.134
4114.413
4114.750
4115.124
4115.446
4115.791
4116.103
4116.404
4116.715
4117.126
4117.571
4118.002
4118.391
4118.735
4119.104
4119.483
4119.881
4120.246
4120.599
4120.923
4121.242
4121.560
4121.860
4122.154
4122.459
4122.754
4123.058
4123.299
4123.554
4123.554
4123.907
4123.907
4124.255
4124.255
4124.574
4124.574
4124.903
4124.903
4125.207
4125.207
4125.478
4125.478
4125.769
4125.769
4125.984
4125.984
4126.203
4126.203
4126.203
4126.480
4126.480
4126.711
4126.711
4126.711
4127.023
4127.023
4127.226
4127.226
4127.226
4127.476
4127.476
4127.762
4127.762
4128.088
4128.088
